Order ID,Order Date,Product Name,Category,Region,Customer ID,Quantity,Unit Price,Status,Sales Representative
ORD-10001-2025-CA,2024-07-06,Router,Electronics,East,CUST-5792,3,"$1,055.00",Shipped,Bob
ORD-10002-2025-TX,2024-01-26,Printer,Electronics,Central,CUST-3288,5,$452.00,Shipped,David
ORD-10003-2025-TX,2024-04-28,Printer,Electronics,North,CUST-4539,2,"$1,002.00",Pending,Alice
ORD-10004-2025-TX,2024-11-11,External HDD,Peripherals,Central,CUST-8979,5,$132.00,Shipped,Charlie
ORD-10005-2025-TX,2024-09-14,SSD Drive,Accessories,West,CUST-9737,5,$263.00,Shipped,David
ORD-10006-2025-AZ,2024-08-30,Gaming Headset,Gaming,North,CUST-6090,5,$114.00,Pending,Eve
ORD-10007-2025-TX,2024-09-20,Monitor,Electronics,North,CUST-3083,3,$809.00,Shipped,Frank
ORD-10008-2025-AZ,2025-05-16,External HDD,Networking,West,CUST-1867,5,$271.00,Cancelled,Bob
ORD-10009-2025-CA,2024-11-01,SSD Drive,Networking,West,CUST-7873,4,$233.00,Shipped,Alice
ORD-10010-2025-TX,2024-12-23,Webcam,Peripherals,East,CUST-1905,2,$29.00,Cancelled,Bob
ORD-10011-2025-AZ,2025-05-20,Mouse,Peripherals,Central,CUST-5429,1,$73.00,Shipped,Charlie
ORD-10012-2025-AZ,2024-10-02,Printer,Electronics,West,CUST-2049,3,"$1,481.00",Shipped,Alice
ORD-10013-2025-CA,2024-05-30,Laptop,Electronics,Central,CUST-4444,1,"$1,414.00",Cancelled,Bob
ORD-10014-2025-TX,2024-01-07,Printer,Electronics,West,CUST-7310,2,"$1,020.00",Shipped,Bob
ORD-10015-2025-TX,2024-11-10,Mouse,Peripherals,East,CUST-2065,5,$75.00,Shipped,Charlie
ORD-10016-2025-CA,2024-09-16,External HDD,Storage,Central,CUST-6673,2,$50.00,Shipped,Alice
ORD-10017-2025-TX,2024-05-16,Router,Electronics,East,CUST-6035,3,"$1,137.00",Pending,Alice
ORD-10018-2025-TX,2024-09-12,Laptop,Electronics,North,CUST-3267,3,"$1,256.00",Cancelled,Frank
ORD-10019-2025-AZ,2024-06-10,Webcam,Peripherals,West,CUST-5242,4,$24.00,Cancelled,Frank
ORD-10020-2025-TX,2024-01-05,Router,Electronics,West,CUST-2678,1,"$1,196.00",Pending,Bob
ORD-10021-2025-AZ,2024-01-09,External HDD,Storage,West,CUST-2554,3,$107.00,Shipped,Bob
ORD-10022-2025-TX,2024-12-25,External HDD,Peripherals,West,CUST-8999,2,$251.00,Pending,Alice
ORD-10023-2025-TX,2024-06-09,Monitor,Electronics,South,CUST-9218,5,$668.00,Shipped,Charlie
ORD-10024-2025-CA,2025-02-02,Webcam,Peripherals,East,CUST-7809,3,$72.00,Shipped,David
ORD-10025-2025-CA,2024-04-21,Monitor,Electronics,West,CUST-2674,5,$412.00,Shipped,Charlie
ORD-10026-2025-CA,2025-02-19,Monitor,Electronics,South,CUST-4550,3,$602.00,Cancelled,Frank
ORD-10027-2025-AZ,2025-05-26,Router,Electronics,East,CUST-6248,3,$629.00,Shipped,Bob
ORD-10028-2025-CA,2025-02-28,Mouse,Peripherals,North,CUST-1017,3,$69.00,Pending,Bob
ORD-10029-2025-TX,2024-02-22,Mouse,Peripherals,North,CUST-5047,1,$126.00,Shipped,Charlie
ORD-10030-2025-CA,2024-11-03,Gaming Headset,Gaming,Central,CUST-6043,2,$200.00,Shipped,Alice
ORD-10031-2025-CA,2024-04-30,Monitor,Electronics,North,CUST-9594,5,$900.00,Shipped,Charlie
ORD-10032-2025-AZ,2025-01-17,External HDD,Storage,West,CUST-8187,4,$190.00,Shipped,David
ORD-10033-2025-CA,2024-05-08,Mouse,Peripherals,West,CUST-7822,4,$140.00,Shipped,Alice
ORD-10034-2025-CA,2024-08-31,Gaming Headset,Gaming,North,CUST-9293,4,$217.00,Shipped,Charlie
ORD-10035-2025-TX,2024-03-03,Mouse,Peripherals,East,CUST-4196,2,$124.00,Pending,Frank
ORD-10036-2025-CA,2024-06-04,Keyboard,Peripherals,Central,CUST-2087,2,$46.00,Shipped,David
ORD-10037-2025-TX,2024-07-29,Monitor,Electronics,South,CUST-4694,2,$422.00,Shipped,David
ORD-10038-2025-AZ,2025-03-12,Router,Electronics,Central,CUST-9598,4,"$1,245.00",Shipped,David
ORD-10039-2025-CA,2025-01-20,Keyboard,Peripherals,Central,CUST-4829,4,$135.00,Cancelled,Eve
ORD-10040-2025-CA,2024-03-14,Mouse,Peripherals,North,CUST-2655,5,$40.00,Shipped,Alice
ORD-10041-2025-AZ,2024-03-29,Gaming Headset,Gaming,East,CUST-7281,2,$152.00,Shipped,Frank
ORD-10042-2025-AZ,2024-07-26,Router,Electronics,South,CUST-6479,5,$647.00,Shipped,Bob
ORD-10043-2025-CA,2024-06-10,SSD Drive,Networking,West,CUST-6550,1,$199.00,Shipped,Bob
ORD-10044-2025-AZ,2024-01-11,Printer,Electronics,North,CUST-2833,5,$742.00,Cancelled,Bob
ORD-10045-2025-TX,2024-06-20,Keyboard,Peripherals,West,CUST-8462,4,$44.00,Shipped,Frank
ORD-10046-2025-AZ,2025-01-22,SSD Drive,Storage,South,CUST-1458,1,$127.00,Shipped,David
ORD-10047-2025-TX,2025-06-11,Laptop,Electronics,North,CUST-9770,3,$818.00,Shipped,Alice
ORD-10048-2025-AZ,2024-11-12,Monitor,Electronics,North,CUST-9429,1,"$1,233.00",Shipped,Frank
ORD-10049-2025-TX,2024-04-11,Keyboard,Peripherals,West,CUST-4553,2,$43.00,Shipped,Eve
ORD-10050-2025-TX,2024-10-10,Printer,Electronics,West,CUST-4344,2,$496.00,Shipped,David
ORD-10051-2025-TX,2024-08-24,Mouse,Peripherals,East,CUST-2332,2,$92.00,Shipped,Frank
ORD-10052-2025-TX,2024-08-14,Monitor,Electronics,West,CUST-9303,3,$789.00,Shipped,Charlie
ORD-10053-2025-TX,2024-06-02,Printer,Electronics,Central,CUST-2554,1,"$1,337.00",Shipped,Eve
ORD-10054-2025-AZ,2025-06-04,Laptop,Electronics,West,CUST-4937,5,"$1,249.00",Shipped,Frank
ORD-10055-2025-TX,2024-09-16,Monitor,Electronics,North,CUST-8765,2,"$1,098.00",Shipped,Bob
ORD-10056-2025-AZ,2024-01-07,Mouse,Peripherals,North,CUST-3422,3,$109.00,Shipped,Alice
ORD-10057-2025-AZ,2025-04-29,SSD Drive,Peripherals,West,CUST-6338,1,$296.00,Pending,Charlie
ORD-10058-2025-AZ,2024-12-19,Laptop,Electronics,North,CUST-4955,3,$720.00,Pending,Frank
ORD-10059-2025-AZ,2025-04-18,Gaming Headset,Gaming,West,CUST-8287,5,$149.00,Pending,Eve
ORD-10060-2025-TX,2024-03-09,Webcam,Peripherals,East,CUST-4238,4,$116.00,Shipped,Eve
ORD-10061-2025-TX,2025-02-12,Keyboard,Peripherals,North,CUST-7988,2,$44.00,Shipped,Frank
ORD-10062-2025-TX,2024-08-14,Webcam,Peripherals,West,CUST-4492,5,$144.00,Cancelled,Charlie
ORD-10063-2025-TX,2024-12-23,Webcam,Peripherals,North,CUST-1659,3,$117.00,Cancelled,Bob
ORD-10064-2025-CA,2024-06-05,Monitor,Electronics,North,CUST-1902,2,$617.00,Shipped,Eve
ORD-10065-2025-AZ,2025-03-24,External HDD,Storage,Central,CUST-1439,3,$220.00,Cancelled,Alice
ORD-10066-2025-CA,2024-08-21,Keyboard,Peripherals,South,CUST-3432,4,$99.00,Pending,Frank
ORD-10067-2025-TX,2024-03-03,SSD Drive,Peripherals,South,CUST-6487,1,$144.00,Pending,Alice
ORD-10068-2025-TX,2025-04-24,SSD Drive,Gaming,Central,CUST-9274,4,$234.00,Pending,Bob
ORD-10069-2025-TX,2024-07-24,Gaming Headset,Gaming,West,CUST-1798,1,$135.00,Shipped,Eve
ORD-10070-2025-CA,2024-06-23,Printer,Electronics,North,CUST-5827,5,$767.00,Shipped,Frank
ORD-10071-2025-TX,2024-05-07,Laptop,Electronics,South,CUST-1633,4,$618.00,Shipped,Eve
ORD-10072-2025-CA,2024-12-08,Gaming Headset,Gaming,Central,CUST-4422,4,$139.00,Shipped,Charlie
ORD-10073-2025-AZ,2025-01-04,Monitor,Electronics,East,CUST-4137,5,"$1,014.00",Pending,Charlie
ORD-10074-2025-CA,2024-01-15,Router,Electronics,Central,CUST-7307,2,$433.00,Shipped,Charlie
ORD-10075-2025-CA,2025-04-23,Printer,Electronics,West,CUST-9051,2,$688.00,Pending,Eve
ORD-10076-2025-TX,2024-09-07,Mouse,Peripherals,West,CUST-1295,2,$133.00,Shipped,Alice
ORD-10077-2025-CA,2025-03-08,Router,Electronics,East,CUST-5498,3,"$1,252.00",Shipped,Charlie
ORD-10078-2025-TX,2025-02-20,Printer,Electronics,North,CUST-7448,4,$436.00,Shipped,Frank
ORD-10079-2025-TX,2024-05-05,External HDD,Peripherals,South,CUST-4371,4,$21.00,Shipped,Frank
ORD-10080-2025-CA,2024-12-11,Gaming Headset,Gaming,South,CUST-3434,2,$204.00,Cancelled,Eve
ORD-10081-2025-AZ,2024-01-12,Monitor,Electronics,West,CUST-6860,1,"$1,389.00",Shipped,David
ORD-10082-2025-CA,2024-06-14,Keyboard,Peripherals,West,CUST-9767,2,$30.00,Pending,David
ORD-10083-2025-AZ,2024-12-09,External HDD,Electronics,West,CUST-3263,4,$214.00,Shipped,Frank
ORD-10084-2025-CA,2024-12-15,Webcam,Peripherals,West,CUST-8656,5,$141.00,Cancelled,Alice
ORD-10085-2025-CA,2025-02-22,Printer,Electronics,Central,CUST-8829,4,$603.00,Shipped,David
ORD-10086-2025-TX,2025-03-27,SSD Drive,Accessories,West,CUST-2502,2,$138.00,Shipped,Alice
ORD-10087-2025-CA,2024-03-08,Gaming Headset,Gaming,Central,CUST-3663,5,$107.00,Cancelled,Frank
ORD-10088-2025-CA,2024-08-21,External HDD,Networking,East,CUST-7074,5,$223.00,Shipped,Frank
ORD-10089-2025-TX,2025-02-27,Monitor,Electronics,South,CUST-9980,3,$417.00,Cancelled,Bob
ORD-10090-2025-TX,2024-12-02,Keyboard,Peripherals,East,CUST-8221,4,$85.00,Cancelled,David
ORD-10091-2025-AZ,2025-04-06,Printer,Electronics,East,CUST-7134,1,$495.00,Shipped,Charlie
ORD-10092-2025-CA,2025-03-16,Laptop,Electronics,Central,CUST-9203,2,$814.00,Shipped,Alice
ORD-10093-2025-CA,2025-02-13,Printer,Electronics,West,CUST-6037,2,"$1,438.00",Pending,Charlie
ORD-10094-2025-TX,2025-04-23,Mouse,Peripherals,Central,CUST-4003,2,$62.00,Shipped,Eve
ORD-10095-2025-AZ,2024-03-10,SSD Drive,Peripherals,North,CUST-4488,1,$287.00,Shipped,David
ORD-10096-2025-TX,2025-04-14,Mouse,Peripherals,Central,CUST-9949,1,$82.00,Cancelled,Charlie
ORD-10097-2025-TX,2024-06-29,Monitor,Electronics,Central,CUST-2159,5,$712.00,Pending,Eve
ORD-10098-2025-TX,2024-04-10,Webcam,Peripherals,South,CUST-1603,4,$35.00,Shipped,Eve
ORD-10099-2025-CA,2024-02-29,Mouse,Peripherals,East,CUST-8732,3,$88.00,Shipped,Charlie
ORD-10100-2025-AZ,2024-04-01,External HDD,Peripherals,East,CUST-2833,2,$125.00,Cancelled,Frank
ORD-10101-2025-CA,2024-10-01,Laptop,Electronics,Central,CUST-2583,5,$646.00,Shipped,Alice
ORD-10102-2025-CA,2024-09-29,Laptop,Electronics,South,CUST-3846,5,$856.00,Shipped,Charlie
ORD-10103-2025-CA,2024-04-08,External HDD,Electronics,South,CUST-3282,1,$233.00,Cancelled,Alice
ORD-10104-2025-AZ,2025-04-05,Webcam,Peripherals,Central,CUST-2940,4,$68.00,Shipped,Charlie
ORD-10105-2025-TX,2024-11-10,Keyboard,Peripherals,South,CUST-7467,1,$120.00,Shipped,Bob
ORD-10106-2025-TX,2025-03-14,Keyboard,Peripherals,Central,CUST-6868,1,$110.00,Shipped,David
ORD-10107-2025-TX,2024-05-29,Monitor,Electronics,Central,CUST-2372,3,"$1,329.00",Pending,Alice
ORD-10108-2025-TX,2024-10-12,Monitor,Electronics,North,CUST-9625,3,"$1,083.00",Shipped,Eve
ORD-10109-2025-TX,2024-03-05,Router,Electronics,South,CUST-6019,2,$576.00,Shipped,David
ORD-10110-2025-CA,2024-05-29,Monitor,Electronics,East,CUST-8011,3,"$1,312.00",Shipped,Charlie
ORD-10111-2025-CA,2024-02-21,Printer,Electronics,South,CUST-9167,5,$553.00,Shipped,Frank
ORD-10112-2025-CA,2025-03-19,Mouse,Peripherals,North,CUST-8611,3,$34.00,Shipped,Bob
ORD-10113-2025-CA,2024-03-15,Router,Electronics,South,CUST-3902,5,$533.00,Pending,Bob
ORD-10114-2025-AZ,2024-04-05,Webcam,Peripherals,East,CUST-2560,2,$79.00,Pending,Frank
ORD-10115-2025-TX,2025-03-30,Mouse,Peripherals,Central,CUST-6260,1,$147.00,Shipped,David
ORD-10116-2025-CA,2025-03-31,SSD Drive,Accessories,Central,CUST-4461,2,$244.00,Shipped,Eve
ORD-10117-2025-AZ,2024-11-07,Printer,Electronics,North,CUST-4187,1,"$1,016.00",Cancelled,David
ORD-10118-2025-CA,2025-02-27,Printer,Electronics,South,CUST-7888,4,$887.00,Shipped,Charlie
ORD-10119-2025-CA,2024-02-16,Gaming Headset,Gaming,West,CUST-2768,2,$196.00,Shipped,Eve
ORD-10120-2025-TX,2025-05-03,Router,Electronics,West,CUST-9861,4,"$1,231.00",Pending,Eve
ORD-10121-2025-TX,2024-03-21,Router,Electronics,South,CUST-2843,2,"$1,433.00",Shipped,Charlie
ORD-10122-2025-CA,2024-08-22,Gaming Headset,Gaming,Central,CUST-5196,2,$104.00,Shipped,David
ORD-10123-2025-TX,2024-08-22,Gaming Headset,Gaming,South,CUST-2602,4,$165.00,Cancelled,Bob
ORD-10124-2025-TX,2024-06-06,Router,Electronics,East,CUST-3426,3,$514.00,Shipped,Bob
ORD-10125-2025-AZ,2025-05-09,Laptop,Electronics,East,CUST-7844,4,$514.00,Shipped,Alice
ORD-10126-2025-AZ,2025-04-06,Webcam,Peripherals,West,CUST-5332,5,$116.00,Shipped,Charlie
ORD-10127-2025-AZ,2024-09-12,Webcam,Peripherals,North,CUST-6047,2,$29.00,Shipped,Eve
ORD-10128-2025-AZ,2024-09-13,Webcam,Peripherals,West,CUST-6581,1,$52.00,Shipped,Eve
ORD-10129-2025-TX,2025-06-16,Webcam,Peripherals,South,CUST-7855,5,$60.00,Cancelled,Charlie
ORD-10130-2025-TX,2025-02-27,Gaming Headset,Gaming,West,CUST-2769,1,$215.00,Shipped,Charlie
ORD-10131-2025-TX,2024-11-04,Printer,Electronics,East,CUST-3841,3,$873.00,Shipped,Charlie
ORD-10132-2025-CA,2025-01-28,Gaming Headset,Gaming,South,CUST-7138,4,$177.00,Shipped,David
ORD-10133-2025-AZ,2025-05-25,Laptop,Electronics,Central,CUST-7055,5,$805.00,Cancelled,Alice
ORD-10134-2025-TX,2024-09-13,Router,Electronics,West,CUST-5830,4,$792.00,Shipped,Alice
ORD-10135-2025-CA,2024-10-30,External HDD,Storage,North,CUST-1903,2,$149.00,Shipped,Charlie
ORD-10136-2025-TX,2024-02-05,Monitor,Electronics,Central,CUST-8502,4,"$1,496.00",Shipped,Frank
ORD-10137-2025-AZ,2024-10-26,Monitor,Electronics,East,CUST-7176,2,"$1,265.00",Cancelled,Bob
ORD-10138-2025-TX,2025-05-07,Gaming Headset,Gaming,Central,CUST-6567,1,$105.00,Shipped,Frank
ORD-10139-2025-AZ,2024-04-17,SSD Drive,Accessories,Central,CUST-4342,5,$87.00,Pending,Frank
ORD-10140-2025-TX,2024-10-04,SSD Drive,Gaming,East,CUST-1853,1,$269.00,Shipped,Eve
ORD-10141-2025-CA,2024-09-25,SSD Drive,Networking,North,CUST-6930,5,$123.00,Pending,Eve
ORD-10142-2025-AZ,2024-12-05,Webcam,Peripherals,Central,CUST-7587,4,$135.00,Shipped,Bob
ORD-10143-2025-TX,2025-05-05,Gaming Headset,Gaming,East,CUST-8220,1,$128.00,Cancelled,Alice
ORD-10144-2025-AZ,2024-04-18,Laptop,Electronics,North,CUST-5547,3,"$1,462.00",Shipped,Charlie
ORD-10145-2025-CA,2024-07-13,Printer,Electronics,North,CUST-8197,5,"$1,010.00",Shipped,Frank
ORD-10146-2025-CA,2025-01-05,Monitor,Electronics,Central,CUST-7133,2,$976.00,Shipped,Alice
ORD-10147-2025-TX,2024-11-03,External HDD,Storage,West,CUST-6895,5,$206.00,Cancelled,Bob
ORD-10148-2025-AZ,2024-04-11,Router,Electronics,South,CUST-3156,2,"$1,447.00",Shipped,Eve
ORD-10149-2025-TX,2024-04-25,Keyboard,Peripherals,East,CUST-2776,1,$63.00,Shipped,David
ORD-10150-2025-AZ,2024-04-26,SSD Drive,Networking,Central,CUST-8813,5,$137.00,Cancelled,Frank
ORD-10151-2025-CA,2025-06-26,Keyboard,Peripherals,West,CUST-9373,1,$41.00,Pending,Charlie
ORD-10152-2025-CA,2025-03-10,Printer,Electronics,Central,CUST-1872,1,"$1,067.00",Cancelled,Frank
ORD-10153-2025-CA,2024-11-04,Keyboard,Peripherals,Central,CUST-6055,3,$112.00,Shipped,Bob
ORD-10154-2025-AZ,2024-08-23,Mouse,Peripherals,East,CUST-9728,4,$56.00,Shipped,Frank
ORD-10155-2025-TX,2025-01-09,SSD Drive,Gaming,South,CUST-8206,3,$291.00,Pending,Bob
ORD-10156-2025-TX,2024-08-31,Monitor,Electronics,North,CUST-6060,1,"$1,417.00",Shipped,Eve
ORD-10157-2025-TX,2024-09-24,External HDD,Accessories,Central,CUST-1725,2,$110.00,Cancelled,Bob
ORD-10158-2025-TX,2024-08-08,Router,Electronics,West,CUST-5452,5,"$1,233.00",Cancelled,Alice
ORD-10159-2025-AZ,2024-09-11,Keyboard,Peripherals,North,CUST-3650,5,$149.00,Shipped,Bob
ORD-10160-2025-TX,2024-12-08,Gaming Headset,Gaming,South,CUST-7199,2,$116.00,Pending,Eve
ORD-10161-2025-CA,2025-03-21,Laptop,Electronics,West,CUST-4027,3,"$1,427.00",Pending,Charlie
ORD-10162-2025-TX,2025-04-12,Mouse,Peripherals,South,CUST-7942,4,$65.00,Shipped,Charlie
ORD-10163-2025-TX,2025-02-09,SSD Drive,Electronics,East,CUST-6248,2,$185.00,Pending,Charlie
ORD-10164-2025-CA,2024-05-10,Webcam,Peripherals,West,CUST-2110,5,$36.00,Shipped,Alice
ORD-10165-2025-CA,2024-04-19,Monitor,Electronics,Central,CUST-4768,4,$560.00,Shipped,Bob
ORD-10166-2025-TX,2024-06-14,External HDD,Gaming,North,CUST-6092,3,$110.00,Shipped,Frank
ORD-10167-2025-CA,2024-08-01,Webcam,Peripherals,North,CUST-3638,1,$111.00,Pending,Eve
ORD-10168-2025-CA,2024-04-02,Printer,Electronics,East,CUST-7481,3,"$1,165.00",Cancelled,Eve
ORD-10169-2025-TX,2024-02-17,Webcam,Peripherals,South,CUST-7575,5,$99.00,Shipped,Frank
ORD-10170-2025-AZ,2024-10-06,Laptop,Electronics,West,CUST-8190,2,"$1,158.00",Cancelled,Frank
ORD-10171-2025-AZ,2024-09-02,Router,Electronics,South,CUST-5745,3,"$1,320.00",Cancelled,Eve
ORD-10172-2025-TX,2025-06-25,SSD Drive,Gaming,East,CUST-3752,4,$183.00,Shipped,Alice
ORD-10173-2025-TX,2024-09-09,SSD Drive,Accessories,West,CUST-8914,3,$99.00,Pending,Eve
ORD-10174-2025-CA,2024-09-18,Keyboard,Peripherals,West,CUST-7879,2,$107.00,Pending,Charlie
ORD-10175-2025-AZ,2024-04-14,SSD Drive,Peripherals,North,CUST-8769,2,$139.00,Shipped,Charlie
ORD-10176-2025-TX,2024-08-19,Keyboard,Peripherals,West,CUST-9272,2,$49.00,Shipped,Bob
ORD-10177-2025-AZ,2024-10-10,SSD Drive,Networking,East,CUST-2287,4,$182.00,Shipped,Alice
ORD-10178-2025-AZ,2024-10-07,SSD Drive,Accessories,East,CUST-4464,3,$33.00,Shipped,Eve
ORD-10179-2025-CA,2025-05-19,Printer,Electronics,West,CUST-6268,1,"$1,033.00",Shipped,Bob
ORD-10180-2025-AZ,2025-05-09,Printer,Electronics,East,CUST-1635,5,$860.00,Shipped,Bob
ORD-10181-2025-CA,2024-08-30,SSD Drive,Gaming,North,CUST-1776,1,$290.00,Pending,Alice
ORD-10182-2025-AZ,2024-04-07,External HDD,Accessories,Central,CUST-3770,2,$73.00,Cancelled,Alice
ORD-10183-2025-TX,2024-03-13,Monitor,Electronics,South,CUST-5101,5,$945.00,Shipped,Eve
ORD-10184-2025-TX,2024-10-15,Laptop,Electronics,Central,CUST-3435,1,"$1,289.00",Shipped,Bob
ORD-10185-2025-AZ,2025-05-08,Keyboard,Peripherals,North,CUST-2814,1,$107.00,Shipped,Bob
ORD-10186-2025-AZ,2025-03-27,Printer,Electronics,West,CUST-9681,4,"$1,054.00",Pending,Frank
ORD-10187-2025-CA,2025-02-21,SSD Drive,Storage,South,CUST-7634,1,$217.00,Cancelled,Alice
ORD-10188-2025-AZ,2025-06-05,Keyboard,Peripherals,East,CUST-9664,3,$52.00,Pending,Charlie
ORD-10189-2025-TX,2025-03-28,External HDD,Electronics,East,CUST-9048,4,$28.00,Shipped,Charlie
ORD-10190-2025-TX,2024-02-25,Webcam,Peripherals,East,CUST-8801,1,$117.00,Shipped,Frank
ORD-10191-2025-AZ,2025-02-17,External HDD,Electronics,South,CUST-1323,3,$112.00,Shipped,Bob
ORD-10192-2025-CA,2024-10-20,SSD Drive,Gaming,East,CUST-7650,5,$277.00,Shipped,Alice
ORD-10193-2025-AZ,2024-02-13,Monitor,Electronics,West,CUST-6927,5,$438.00,Shipped,Alice
ORD-10194-2025-TX,2024-12-25,Mouse,Peripherals,East,CUST-5200,4,$124.00,Shipped,Bob
ORD-10195-2025-CA,2024-12-18,Keyboard,Peripherals,East,CUST-8740,3,$120.00,Shipped,David
ORD-10196-2025-AZ,2024-10-07,Monitor,Electronics,South,CUST-3943,5,$561.00,Cancelled,Charlie
ORD-10197-2025-TX,2025-06-22,Router,Electronics,West,CUST-3086,2,"$1,219.00",Shipped,Bob
ORD-10198-2025-AZ,2025-05-16,Keyboard,Peripherals,North,CUST-7437,3,$93.00,Shipped,Alice
ORD-10199-2025-AZ,2024-01-07,Gaming Headset,Gaming,Central,CUST-9719,3,$211.00,Shipped,Eve
ORD-10200-2025-CA,2025-03-23,SSD Drive,Storage,North,CUST-1841,1,$78.00,Cancelled,Charlie
ORD-10201-2025-TX,2024-02-07,Monitor,Electronics,Central,CUST-5780,2,$698.00,Pending,Eve
ORD-10202-2025-AZ,2025-01-28,Router,Electronics,West,CUST-8606,4,"$1,013.00",Shipped,Charlie
ORD-10203-2025-CA,2025-06-07,Keyboard,Peripherals,South,CUST-4988,4,$27.00,Pending,Bob
ORD-10204-2025-CA,2024-01-06,Webcam,Peripherals,East,CUST-8547,5,$57.00,Shipped,Bob
ORD-10205-2025-CA,2024-04-04,Router,Electronics,East,CUST-4683,2,$700.00,Cancelled,Charlie
ORD-10206-2025-CA,2024-11-05,External HDD,Networking,South,CUST-9673,5,$78.00,Pending,Bob
ORD-10207-2025-AZ,2024-01-28,SSD Drive,Electronics,South,CUST-3698,1,$189.00,Shipped,Bob
ORD-10208-2025-AZ,2024-02-21,Gaming Headset,Gaming,East,CUST-2495,1,$88.00,Shipped,Eve
ORD-10209-2025-TX,2025-01-08,External HDD,Networking,West,CUST-3256,2,$193.00,Pending,Eve
ORD-10210-2025-AZ,2025-02-06,SSD Drive,Storage,South,CUST-7112,1,$292.00,Shipped,Eve
ORD-10211-2025-TX,2024-06-27,Monitor,Electronics,Central,CUST-1858,5,$581.00,Cancelled,Eve
ORD-10212-2025-CA,2024-07-20,Monitor,Electronics,East,CUST-5568,2,$567.00,Shipped,David
ORD-10213-2025-AZ,2024-08-18,Monitor,Electronics,East,CUST-1932,3,$471.00,Pending,Bob
ORD-10214-2025-CA,2025-05-10,Router,Electronics,East,CUST-1140,2,"$1,360.00",Cancelled,Eve
ORD-10215-2025-CA,2025-01-09,Router,Electronics,Central,CUST-7632,3,"$1,441.00",Shipped,Bob
ORD-10216-2025-TX,2024-01-25,Mouse,Peripherals,North,CUST-6794,5,$109.00,Shipped,Charlie
ORD-10217-2025-TX,2025-02-14,External HDD,Accessories,North,CUST-1672,5,$127.00,Pending,Bob
ORD-10218-2025-CA,2025-05-05,Mouse,Peripherals,West,CUST-9925,5,$65.00,Cancelled,David
ORD-10219-2025-CA,2024-05-05,Router,Electronics,West,CUST-2231,1,"$1,359.00",Pending,Frank
ORD-10220-2025-AZ,2025-03-08,Mouse,Peripherals,West,CUST-6737,5,$36.00,Shipped,Frank
ORD-10221-2025-TX,2024-03-24,Mouse,Peripherals,Central,CUST-4293,4,$50.00,Pending,Alice
ORD-10222-2025-CA,2024-04-06,External HDD,Electronics,Central,CUST-4372,3,$254.00,Shipped,Frank
ORD-10223-2025-AZ,2024-01-02,Monitor,Electronics,North,CUST-6359,1,$581.00,Pending,Charlie
ORD-10224-2025-CA,2025-06-08,External HDD,Networking,West,CUST-7598,1,$174.00,Shipped,Charlie
ORD-10225-2025-CA,2025-03-18,External HDD,Electronics,North,CUST-5070,5,$163.00,Shipped,Bob
ORD-10226-2025-CA,2024-04-21,SSD Drive,Storage,South,CUST-7281,2,$23.00,Pending,Frank
ORD-10227-2025-AZ,2025-03-02,Laptop,Electronics,North,CUST-9327,3,$810.00,Pending,Eve
ORD-10228-2025-AZ,2024-03-26,Laptop,Electronics,Central,CUST-9933,1,"$1,153.00",Shipped,Frank
ORD-10229-2025-CA,2025-03-07,Laptop,Electronics,North,CUST-5639,3,$594.00,Pending,David
ORD-10230-2025-CA,2024-06-18,Printer,Electronics,West,CUST-4096,1,"$1,076.00",Shipped,Bob
ORD-10231-2025-TX,2024-07-20,Webcam,Peripherals,Central,CUST-1134,5,$101.00,Shipped,Eve
ORD-10232-2025-TX,2024-10-24,Laptop,Electronics,West,CUST-1234,4,$988.00,Cancelled,Frank
ORD-10233-2025-TX,2024-04-24,Gaming Headset,Gaming,East,CUST-7760,3,$133.00,Shipped,Charlie
ORD-10234-2025-AZ,2024-02-18,Gaming Headset,Gaming,North,CUST-9660,5,$221.00,Cancelled,Charlie
ORD-10235-2025-TX,2025-04-10,External HDD,Electronics,East,CUST-6449,1,$186.00,Cancelled,Alice
ORD-10236-2025-CA,2025-02-26,Gaming Headset,Gaming,Central,CUST-6354,4,$195.00,Shipped,Bob
ORD-10237-2025-AZ,2025-01-02,Keyboard,Peripherals,Central,CUST-8578,2,$58.00,Shipped,Eve
ORD-10238-2025-TX,2024-11-01,SSD Drive,Accessories,West,CUST-9794,2,$117.00,Shipped,Frank
ORD-10239-2025-TX,2024-03-17,Router,Electronics,Central,CUST-7907,5,$544.00,Shipped,Frank
ORD-10240-2025-CA,2024-01-13,Router,Electronics,North,CUST-7063,1,"$1,013.00",Pending,Charlie
ORD-10241-2025-CA,2024-08-26,Printer,Electronics,East,CUST-2720,2,"$1,412.00",Shipped,David
ORD-10242-2025-AZ,2024-06-26,Monitor,Electronics,North,CUST-8982,2,"$1,483.00",Shipped,Alice
ORD-10243-2025-AZ,2024-04-28,Webcam,Peripherals,South,CUST-1245,1,$136.00,Shipped,Bob
ORD-10244-2025-CA,2024-05-06,Keyboard,Peripherals,South,CUST-8348,3,$113.00,Shipped,Frank
ORD-10245-2025-TX,2025-01-16,SSD Drive,Accessories,South,CUST-9335,5,$168.00,Shipped,Bob
ORD-10246-2025-TX,2024-05-27,Monitor,Electronics,East,CUST-3411,2,$401.00,Shipped,Charlie
ORD-10247-2025-AZ,2024-01-20,Printer,Electronics,Central,CUST-1450,3,$799.00,Shipped,David
ORD-10248-2025-TX,2024-01-23,External HDD,Peripherals,North,CUST-1895,5,$142.00,Shipped,Bob
ORD-10249-2025-CA,2025-06-16,Laptop,Electronics,South,CUST-6064,4,$801.00,Shipped,Eve
ORD-10250-2025-AZ,2024-09-17,Monitor,Electronics,Central,CUST-8461,5,$520.00,Shipped,Eve
ORD-10251-2025-CA,2025-02-26,SSD Drive,Gaming,Central,CUST-7086,1,$98.00,Pending,Eve
ORD-10252-2025-CA,2024-11-17,Printer,Electronics,North,CUST-1507,2,"$1,050.00",Shipped,Eve
ORD-10253-2025-AZ,2025-01-14,SSD Drive,Gaming,North,CUST-1994,5,$64.00,Shipped,David
ORD-10254-2025-CA,2024-01-21,Gaming Headset,Gaming,Central,CUST-2781,2,$129.00,Pending,Charlie
ORD-10255-2025-TX,2025-05-22,Webcam,Peripherals,East,CUST-6330,2,$101.00,Shipped,David
ORD-10256-2025-AZ,2024-07-05,SSD Drive,Accessories,Central,CUST-6872,3,$177.00,Shipped,David
ORD-10257-2025-TX,2024-06-13,Monitor,Electronics,East,CUST-2757,1,"$1,284.00",Shipped,Frank
ORD-10258-2025-CA,2025-03-03,Printer,Electronics,South,CUST-8014,1,"$1,442.00",Shipped,Bob
ORD-10259-2025-CA,2025-05-24,Gaming Headset,Gaming,West,CUST-7594,5,$120.00,Shipped,Bob
ORD-10260-2025-TX,2024-05-04,Printer,Electronics,North,CUST-9745,4,$731.00,Pending,Bob
ORD-10261-2025-CA,2024-07-10,Printer,Electronics,Central,CUST-7673,1,$830.00,Cancelled,Frank
ORD-10262-2025-CA,2025-02-25,Gaming Headset,Gaming,West,CUST-1587,5,$126.00,Shipped,Frank
ORD-10263-2025-AZ,2025-05-26,Keyboard,Peripherals,East,CUST-5481,4,$114.00,Pending,David
ORD-10264-2025-CA,2024-06-10,Router,Electronics,Central,CUST-2185,5,"$1,154.00",Shipped,Frank
ORD-10265-2025-CA,2025-01-12,Monitor,Electronics,North,CUST-4771,4,$548.00,Shipped,David
ORD-10266-2025-TX,2025-01-14,External HDD,Peripherals,South,CUST-2923,2,$104.00,Shipped,Alice
ORD-10267-2025-CA,2025-05-21,Printer,Electronics,Central,CUST-3113,1,$790.00,Shipped,Bob
ORD-10268-2025-CA,2024-12-08,SSD Drive,Gaming,Central,CUST-3279,3,$64.00,Pending,David
ORD-10269-2025-AZ,2024-11-18,Router,Electronics,Central,CUST-6375,3,"$1,443.00",Shipped,Charlie
ORD-10270-2025-CA,2024-05-22,Gaming Headset,Gaming,South,CUST-2222,3,$123.00,Pending,Charlie
ORD-10271-2025-CA,2024-07-08,Printer,Electronics,South,CUST-6506,5,$727.00,Shipped,David
ORD-10272-2025-CA,2025-05-23,Gaming Headset,Gaming,East,CUST-3908,5,$147.00,Shipped,Eve
ORD-10273-2025-AZ,2024-05-28,Monitor,Electronics,Central,CUST-9984,2,$710.00,Shipped,David
ORD-10274-2025-AZ,2024-10-28,Keyboard,Peripherals,West,CUST-7654,4,$68.00,Shipped,Eve
ORD-10275-2025-CA,2024-06-03,SSD Drive,Networking,West,CUST-1917,5,$29.00,Shipped,David
ORD-10276-2025-TX,2024-03-14,Gaming Headset,Gaming,Central,CUST-5908,5,$212.00,Cancelled,Eve
ORD-10277-2025-TX,2024-03-11,External HDD,Storage,East,CUST-8632,2,$219.00,Shipped,Alice
ORD-10278-2025-CA,2025-03-02,Monitor,Electronics,West,CUST-7205,5,"$1,080.00",Pending,Charlie
ORD-10279-2025-AZ,2024-03-09,Monitor,Electronics,South,CUST-9072,4,$598.00,Shipped,Eve
ORD-10280-2025-AZ,2024-06-10,Laptop,Electronics,North,CUST-5154,5,"$1,415.00",Shipped,Alice
ORD-10281-2025-TX,2024-07-26,Keyboard,Peripherals,West,CUST-5875,5,$42.00,Pending,David
ORD-10282-2025-CA,2024-02-22,External HDD,Peripherals,Central,CUST-9465,5,$202.00,Cancelled,Frank
ORD-10283-2025-TX,2025-06-15,Monitor,Electronics,East,CUST-9349,5,$642.00,Shipped,David
ORD-10284-2025-CA,2025-04-29,Monitor,Electronics,West,CUST-7634,1,"$1,004.00",Cancelled,Charlie
ORD-10285-2025-CA,2025-06-23,Mouse,Peripherals,South,CUST-7347,5,$94.00,Cancelled,Bob
ORD-10286-2025-AZ,2024-12-27,Printer,Electronics,South,CUST-8575,3,$522.00,Cancelled,Frank
ORD-10287-2025-AZ,2024-12-17,Printer,Electronics,South,CUST-1223,1,"$1,069.00",Cancelled,Charlie
ORD-10288-2025-AZ,2024-03-01,Router,Electronics,West,CUST-1665,4,"$1,299.00",Pending,Bob
ORD-10289-2025-TX,2024-07-24,Monitor,Electronics,East,CUST-1224,3,$808.00,Shipped,Alice
ORD-10290-2025-AZ,2024-03-10,Monitor,Electronics,West,CUST-1591,2,$757.00,Shipped,Eve
ORD-10291-2025-AZ,2024-09-10,Router,Electronics,East,CUST-3828,5,$520.00,Pending,Charlie
ORD-10292-2025-CA,2024-02-14,Monitor,Electronics,West,CUST-9705,3,$894.00,Pending,Bob
ORD-10293-2025-CA,2024-03-09,External HDD,Networking,North,CUST-1852,5,$89.00,Shipped,Charlie
ORD-10294-2025-CA,2025-04-28,Monitor,Electronics,Central,CUST-8755,4,"$1,434.00",Shipped,Charlie
ORD-10295-2025-CA,2025-03-05,Printer,Electronics,South,CUST-4997,4,"$1,390.00",Shipped,Frank
ORD-10296-2025-AZ,2024-05-31,External HDD,Electronics,Central,CUST-5537,3,$263.00,Shipped,Charlie
ORD-10297-2025-CA,2024-12-30,Printer,Electronics,North,CUST-9669,3,"$1,383.00",Shipped,David
ORD-10298-2025-TX,2024-10-21,Monitor,Electronics,Central,CUST-5685,1,$780.00,Cancelled,Charlie
ORD-10299-2025-CA,2024-01-02,SSD Drive,Storage,South,CUST-6272,4,$149.00,Shipped,Charlie
ORD-10300-2025-AZ,2024-08-07,Printer,Electronics,West,CUST-1560,4,$923.00,Shipped,David
ORD-10301-2025-AZ,2024-06-09,Mouse,Peripherals,East,CUST-8351,5,$28.00,Pending,David
ORD-10302-2025-CA,2024-05-24,Gaming Headset,Gaming,Central,CUST-6752,5,$188.00,Cancelled,Charlie
ORD-10303-2025-AZ,2024-05-23,Monitor,Electronics,North,CUST-2697,1,$992.00,Shipped,Alice
ORD-10304-2025-CA,2025-05-12,Webcam,Peripherals,North,CUST-2125,5,$94.00,Shipped,Eve
ORD-10305-2025-CA,2024-07-12,Gaming Headset,Gaming,West,CUST-7051,4,$96.00,Shipped,Bob
ORD-10306-2025-CA,2024-02-11,Monitor,Electronics,North,CUST-4155,2,"$1,336.00",Pending,David
ORD-10307-2025-TX,2024-06-24,Mouse,Peripherals,Central,CUST-8231,1,$37.00,Pending,Alice
ORD-10308-2025-CA,2024-06-19,Gaming Headset,Gaming,West,CUST-6602,2,$92.00,Pending,Alice
ORD-10309-2025-CA,2025-02-12,SSD Drive,Gaming,South,CUST-6901,3,$206.00,Shipped,Charlie
ORD-10310-2025-CA,2025-06-27,Monitor,Electronics,East,CUST-9287,3,"$1,449.00",Shipped,Alice
ORD-10311-2025-CA,2025-01-10,Webcam,Peripherals,North,CUST-8827,1,$56.00,Shipped,Eve
ORD-10312-2025-TX,2024-02-24,Webcam,Peripherals,Central,CUST-4476,4,$108.00,Cancelled,David
ORD-10313-2025-CA,2025-01-10,Webcam,Peripherals,West,CUST-3144,3,$128.00,Shipped,Charlie
ORD-10314-2025-TX,2024-06-07,Gaming Headset,Gaming,East,CUST-5149,1,$144.00,Pending,David
ORD-10315-2025-CA,2024-01-18,Keyboard,Peripherals,West,CUST-5968,1,$127.00,Pending,David
ORD-10316-2025-TX,2025-04-18,Monitor,Electronics,East,CUST-9585,5,$514.00,Shipped,Frank
ORD-10317-2025-TX,2025-06-12,Monitor,Electronics,North,CUST-1894,3,$899.00,Shipped,Bob
ORD-10318-2025-AZ,2025-01-09,External HDD,Gaming,East,CUST-4547,3,$185.00,Shipped,Alice
ORD-10319-2025-AZ,2024-12-13,Monitor,Electronics,Central,CUST-5661,3,"$1,066.00",Shipped,David
ORD-10320-2025-TX,2025-04-17,SSD Drive,Electronics,East,CUST-5053,4,$262.00,Cancelled,Frank
ORD-10321-2025-AZ,2024-02-04,Router,Electronics,South,CUST-3579,2,$880.00,Shipped,Eve
ORD-10322-2025-TX,2025-04-16,Monitor,Electronics,West,CUST-2280,4,$669.00,Pending,Frank
ORD-10323-2025-CA,2024-05-13,Gaming Headset,Gaming,North,CUST-3168,2,$107.00,Cancelled,Charlie
ORD-10324-2025-AZ,2024-12-04,Router,Electronics,Central,CUST-5709,5,$981.00,Shipped,David
ORD-10325-2025-TX,2025-02-05,Mouse,Peripherals,South,CUST-5244,4,$136.00,Shipped,Charlie
ORD-10326-2025-AZ,2025-06-24,Monitor,Electronics,South,CUST-2450,3,"$1,340.00",Shipped,Bob
ORD-10327-2025-TX,2024-01-20,SSD Drive,Electronics,Central,CUST-3509,4,$26.00,Shipped,Alice
ORD-10328-2025-AZ,2024-08-15,Mouse,Peripherals,South,CUST-4799,2,$130.00,Cancelled,Eve
ORD-10329-2025-CA,2025-05-18,Keyboard,Peripherals,South,CUST-6224,3,$139.00,Shipped,Frank
ORD-10330-2025-CA,2024-11-10,Keyboard,Peripherals,North,CUST-7712,1,$35.00,Shipped,David
ORD-10331-2025-TX,2025-02-15,Printer,Electronics,Central,CUST-7143,3,"$1,380.00",Cancelled,Alice
ORD-10332-2025-AZ,2025-03-14,Laptop,Electronics,South,CUST-9907,2,$798.00,Pending,Frank
ORD-10333-2025-TX,2025-06-18,Mouse,Peripherals,Central,CUST-3698,4,$111.00,Cancelled,Charlie
ORD-10334-2025-AZ,2024-03-07,Gaming Headset,Gaming,Central,CUST-8546,4,$233.00,Shipped,David
ORD-10335-2025-TX,2025-05-29,Laptop,Electronics,North,CUST-1764,1,$920.00,Shipped,Charlie
ORD-10336-2025-CA,2024-08-24,Laptop,Electronics,East,CUST-8066,3,"$1,151.00",Shipped,Bob
ORD-10337-2025-TX,2024-09-21,Webcam,Peripherals,East,CUST-9726,1,$144.00,Shipped,Alice
ORD-10338-2025-CA,2024-03-13,Gaming Headset,Gaming,Central,CUST-2942,3,$157.00,Shipped,Alice
ORD-10339-2025-AZ,2025-05-28,Monitor,Electronics,Central,CUST-8015,2,$541.00,Shipped,Frank
ORD-10340-2025-TX,2025-01-23,Printer,Electronics,South,CUST-8221,4,"$1,449.00",Pending,David
ORD-10341-2025-CA,2024-06-02,SSD Drive,Peripherals,East,CUST-5920,1,$220.00,Cancelled,David
ORD-10342-2025-TX,2024-07-22,Mouse,Peripherals,South,CUST-8139,3,$50.00,Shipped,Eve
ORD-10343-2025-AZ,2024-04-27,Router,Electronics,West,CUST-8423,1,$415.00,Cancelled,David
ORD-10344-2025-TX,2024-12-02,Monitor,Electronics,North,CUST-9997,1,"$1,314.00",Shipped,Alice
ORD-10345-2025-CA,2024-01-10,Laptop,Electronics,West,CUST-2965,4,$458.00,Shipped,Frank
ORD-10346-2025-CA,2024-06-16,Monitor,Electronics,Central,CUST-3645,3,$987.00,Cancelled,Charlie
ORD-10347-2025-CA,2025-05-22,Monitor,Electronics,Central,CUST-9792,5,$743.00,Shipped,Eve
ORD-10348-2025-AZ,2025-04-12,External HDD,Peripherals,South,CUST-3807,3,$105.00,Pending,David
ORD-10349-2025-TX,2024-04-19,Monitor,Electronics,Central,CUST-7992,1,"$1,203.00",Pending,Frank
ORD-10350-2025-AZ,2025-01-05,Printer,Electronics,West,CUST-6597,2,"$1,339.00",Shipped,Charlie
ORD-10351-2025-TX,2025-05-07,External HDD,Networking,East,CUST-5274,3,$144.00,Shipped,Alice
ORD-10352-2025-AZ,2025-02-19,External HDD,Gaming,North,CUST-6860,2,$63.00,Cancelled,Alice
ORD-10353-2025-AZ,2024-10-07,Mouse,Peripherals,North,CUST-9555,2,$139.00,Shipped,Frank
ORD-10354-2025-CA,2024-07-13,Mouse,Peripherals,North,CUST-5230,3,$100.00,Cancelled,Charlie
ORD-10355-2025-TX,2024-09-29,Gaming Headset,Gaming,East,CUST-4260,2,$110.00,Shipped,David
ORD-10356-2025-CA,2024-11-15,Router,Electronics,East,CUST-6292,3,"$1,251.00",Shipped,Alice
ORD-10357-2025-TX,2024-04-08,External HDD,Storage,West,CUST-2110,4,$248.00,Cancelled,Eve
ORD-10358-2025-AZ,2024-01-16,Mouse,Peripherals,West,CUST-4873,1,$35.00,Shipped,Bob
ORD-10359-2025-CA,2024-11-04,SSD Drive,Accessories,Central,CUST-9541,5,$281.00,Shipped,Eve
ORD-10360-2025-AZ,2025-01-30,Gaming Headset,Gaming,East,CUST-2313,2,$120.00,Shipped,Charlie
ORD-10361-2025-TX,2024-04-27,Monitor,Electronics,South,CUST-5714,1,"$1,317.00",Shipped,Alice
ORD-10362-2025-CA,2025-04-28,Mouse,Peripherals,East,CUST-9632,5,$133.00,Cancelled,Bob
ORD-10363-2025-AZ,2025-05-03,Laptop,Electronics,East,CUST-5526,5,$408.00,Shipped,Eve
ORD-10364-2025-AZ,2024-12-27,Mouse,Peripherals,Central,CUST-1655,5,$66.00,Pending,David
ORD-10365-2025-AZ,2024-11-08,Router,Electronics,North,CUST-6231,2,$849.00,Cancelled,Charlie
ORD-10366-2025-CA,2024-07-05,Webcam,Peripherals,West,CUST-7622,2,$146.00,Shipped,Frank
ORD-10367-2025-AZ,2025-01-26,External HDD,Gaming,West,CUST-6244,3,$24.00,Cancelled,Frank
ORD-10368-2025-CA,2025-05-16,Printer,Electronics,West,CUST-5273,3,"$1,122.00",Cancelled,David
ORD-10369-2025-TX,2025-03-15,Laptop,Electronics,Central,CUST-5487,2,"$1,327.00",Shipped,David
ORD-10370-2025-AZ,2025-01-18,External HDD,Electronics,Central,CUST-3322,1,$100.00,Cancelled,Bob
ORD-10371-2025-CA,2024-12-15,SSD Drive,Storage,West,CUST-8417,1,$65.00,Shipped,Alice
ORD-10372-2025-AZ,2025-03-28,Mouse,Peripherals,East,CUST-6513,1,$27.00,Shipped,Charlie
ORD-10373-2025-TX,2024-09-26,Keyboard,Peripherals,Central,CUST-5978,3,$94.00,Cancelled,Eve
ORD-10374-2025-AZ,2024-07-09,Monitor,Electronics,South,CUST-9627,4,"$1,399.00",Pending,Bob
ORD-10375-2025-CA,2025-03-31,Router,Electronics,South,CUST-5940,3,$925.00,Shipped,David
ORD-10376-2025-TX,2025-01-23,Gaming Headset,Gaming,West,CUST-8658,4,$137.00,Shipped,David
ORD-10377-2025-CA,2025-04-19,Mouse,Peripherals,North,CUST-6219,3,$79.00,Shipped,David
ORD-10378-2025-AZ,2024-09-19,Printer,Electronics,West,CUST-3848,3,$856.00,Shipped,Alice
ORD-10379-2025-AZ,2024-09-08,Laptop,Electronics,Central,CUST-3941,2,$842.00,Shipped,Frank
ORD-10380-2025-CA,2024-07-09,Mouse,Peripherals,East,CUST-7025,1,$83.00,Shipped,Eve
ORD-10381-2025-TX,2024-07-27,Webcam,Peripherals,Central,CUST-4987,3,$24.00,Shipped,Charlie
ORD-10382-2025-AZ,2025-01-01,Laptop,Electronics,North,CUST-1153,3,$461.00,Shipped,Eve
ORD-10383-2025-AZ,2025-05-25,Router,Electronics,South,CUST-5226,5,$945.00,Cancelled,Eve
ORD-10384-2025-CA,2025-01-14,Router,Electronics,East,CUST-7181,3,$618.00,Shipped,Alice
ORD-10385-2025-AZ,2024-03-29,Laptop,Electronics,North,CUST-7239,2,$615.00,Cancelled,Bob
ORD-10386-2025-TX,2024-08-31,Printer,Electronics,Central,CUST-6049,3,$860.00,Shipped,Alice
ORD-10387-2025-AZ,2024-09-10,Monitor,Electronics,East,CUST-5743,1,$693.00,Shipped,Frank
ORD-10388-2025-TX,2025-03-06,Monitor,Electronics,East,CUST-9377,3,$407.00,Shipped,Charlie
ORD-10389-2025-AZ,2024-08-15,SSD Drive,Storage,West,CUST-1498,1,$28.00,Shipped,Charlie
ORD-10390-2025-TX,2025-02-26,Mouse,Peripherals,East,CUST-2885,3,$59.00,Cancelled,Bob
ORD-10391-2025-TX,2024-02-11,Laptop,Electronics,West,CUST-7101,5,$518.00,Shipped,Frank
ORD-10392-2025-AZ,2024-11-07,Gaming Headset,Gaming,East,CUST-5939,5,$102.00,Pending,Alice
ORD-10393-2025-CA,2024-05-10,Gaming Headset,Gaming,Central,CUST-7342,3,$201.00,Shipped,Charlie
ORD-10394-2025-AZ,2025-02-04,Webcam,Peripherals,South,CUST-4077,1,$145.00,Shipped,Charlie
ORD-10395-2025-AZ,2025-05-22,Webcam,Peripherals,East,CUST-7907,5,$82.00,Pending,Alice
ORD-10396-2025-TX,2025-04-07,Laptop,Electronics,Central,CUST-4787,5,"$1,495.00",Pending,David
ORD-10397-2025-TX,2024-12-16,Printer,Electronics,South,CUST-5787,1,"$1,175.00",Shipped,David
ORD-10398-2025-AZ,2025-02-21,Laptop,Electronics,South,CUST-6353,5,$941.00,Shipped,David
ORD-10399-2025-TX,2025-02-04,SSD Drive,Networking,East,CUST-7282,3,$24.00,Cancelled,Charlie
ORD-10400-2025-AZ,2024-02-19,Monitor,Electronics,West,CUST-6210,1,"$1,187.00",Cancelled,Eve
ORD-10401-2025-TX,2024-05-15,External HDD,Networking,South,CUST-1923,3,$75.00,Pending,Frank
ORD-10402-2025-AZ,2025-06-28,Router,Electronics,West,CUST-3698,5,$456.00,Shipped,Alice
ORD-10403-2025-TX,2025-02-19,External HDD,Electronics,North,CUST-3055,3,$221.00,Cancelled,Charlie
ORD-10404-2025-AZ,2024-05-25,Webcam,Peripherals,West,CUST-4580,5,$85.00,Shipped,Alice
ORD-10405-2025-CA,2024-08-23,SSD Drive,Peripherals,South,CUST-1361,4,$277.00,Shipped,Frank
ORD-10406-2025-AZ,2024-02-12,Webcam,Peripherals,West,CUST-7559,4,$40.00,Cancelled,Frank
ORD-10407-2025-TX,2024-08-25,Router,Electronics,Central,CUST-8205,1,"$1,360.00",Shipped,David
ORD-10408-2025-TX,2024-01-07,Laptop,Electronics,East,CUST-5425,4,$962.00,Shipped,David
ORD-10409-2025-TX,2024-02-24,Laptop,Electronics,North,CUST-2692,5,$784.00,Cancelled,Frank
ORD-10410-2025-AZ,2024-02-17,SSD Drive,Electronics,North,CUST-9884,2,$37.00,Cancelled,Alice
ORD-10411-2025-CA,2024-08-17,Mouse,Peripherals,Central,CUST-9462,2,$146.00,Shipped,Alice
ORD-10412-2025-AZ,2024-08-10,SSD Drive,Storage,South,CUST-1064,5,$169.00,Shipped,David
ORD-10413-2025-AZ,2024-05-16,Webcam,Peripherals,North,CUST-2888,1,$51.00,Pending,Charlie
ORD-10414-2025-TX,2024-10-20,External HDD,Storage,East,CUST-5998,4,$258.00,Shipped,Bob
ORD-10415-2025-CA,2025-01-29,Printer,Electronics,South,CUST-6324,3,$877.00,Shipped,David
ORD-10416-2025-AZ,2024-12-25,Monitor,Electronics,East,CUST-8356,1,"$1,344.00",Pending,Eve
ORD-10417-2025-TX,2024-11-26,Keyboard,Peripherals,North,CUST-2416,2,$60.00,Pending,Frank
ORD-10418-2025-TX,2025-02-23,Monitor,Electronics,North,CUST-6370,1,$900.00,Shipped,Charlie
ORD-10419-2025-TX,2025-03-03,Mouse,Peripherals,Central,CUST-6674,4,$50.00,Shipped,Charlie
ORD-10420-2025-TX,2024-05-12,Keyboard,Peripherals,North,CUST-4505,4,$101.00,Shipped,Alice
ORD-10421-2025-AZ,2024-08-30,Webcam,Peripherals,West,CUST-8631,2,$94.00,Shipped,David
ORD-10422-2025-CA,2024-06-07,SSD Drive,Networking,South,CUST-8266,3,$170.00,Shipped,David
ORD-10423-2025-TX,2024-02-16,Gaming Headset,Gaming,South,CUST-3290,1,$167.00,Shipped,Alice
ORD-10424-2025-CA,2025-04-03,Router,Electronics,East,CUST-3167,2,$801.00,Shipped,Bob
ORD-10425-2025-AZ,2025-02-18,Webcam,Peripherals,Central,CUST-8274,5,$90.00,Pending,Frank
ORD-10426-2025-CA,2024-06-08,SSD Drive,Networking,South,CUST-2507,1,$215.00,Shipped,Alice
ORD-10427-2025-AZ,2025-04-26,Mouse,Peripherals,East,CUST-4740,4,$32.00,Shipped,Frank
ORD-10428-2025-TX,2025-06-12,Router,Electronics,West,CUST-1226,5,$606.00,Cancelled,Eve
ORD-10429-2025-TX,2024-09-03,Laptop,Electronics,South,CUST-2805,3,$891.00,Cancelled,Eve
ORD-10430-2025-CA,2024-11-04,Gaming Headset,Gaming,South,CUST-4502,5,$107.00,Pending,Frank
ORD-10431-2025-CA,2024-09-06,Printer,Electronics,East,CUST-5878,5,$959.00,Shipped,Alice
ORD-10432-2025-AZ,2024-05-15,Mouse,Peripherals,North,CUST-1700,1,$70.00,Shipped,Eve
ORD-10433-2025-AZ,2024-02-13,External HDD,Storage,North,CUST-8140,3,$101.00,Shipped,David
ORD-10434-2025-CA,2024-02-05,Gaming Headset,Gaming,West,CUST-4211,4,$193.00,Pending,Bob
ORD-10435-2025-CA,2024-04-09,Keyboard,Peripherals,East,CUST-9680,5,$122.00,Pending,Charlie
ORD-10436-2025-AZ,2024-02-28,Keyboard,Peripherals,Central,CUST-4729,4,$102.00,Cancelled,Alice
ORD-10437-2025-AZ,2025-04-04,Laptop,Electronics,East,CUST-6111,2,"$1,477.00",Pending,Alice
ORD-10438-2025-TX,2024-05-18,Laptop,Electronics,East,CUST-6055,2,$482.00,Pending,Frank
ORD-10439-2025-AZ,2024-07-31,SSD Drive,Electronics,South,CUST-7967,2,$287.00,Shipped,Eve
ORD-10440-2025-CA,2024-08-22,Printer,Electronics,West,CUST-1554,2,"$1,017.00",Shipped,Bob
ORD-10441-2025-TX,2025-04-15,External HDD,Gaming,Central,CUST-3913,3,$63.00,Shipped,Eve
ORD-10442-2025-TX,2024-02-08,Printer,Electronics,North,CUST-1382,2,"$1,356.00",Shipped,Charlie
ORD-10443-2025-CA,2025-01-19,Printer,Electronics,South,CUST-7069,5,"$1,325.00",Shipped,David
ORD-10444-2025-AZ,2024-09-11,Keyboard,Peripherals,West,CUST-7136,5,$60.00,Shipped,Charlie
ORD-10445-2025-CA,2024-12-04,External HDD,Networking,West,CUST-8639,2,$136.00,Shipped,David
ORD-10446-2025-TX,2025-06-22,Laptop,Electronics,East,CUST-5126,5,$410.00,Cancelled,Charlie
ORD-10447-2025-AZ,2025-05-09,Monitor,Electronics,East,CUST-6323,2,"$1,061.00",Shipped,Eve
ORD-10448-2025-CA,2025-05-08,Monitor,Electronics,East,CUST-2205,4,$934.00,Shipped,Bob
ORD-10449-2025-AZ,2024-02-14,Webcam,Peripherals,East,CUST-5608,4,$101.00,Shipped,David
ORD-10450-2025-CA,2025-02-28,Router,Electronics,North,CUST-9265,5,$901.00,Shipped,Eve
ORD-10451-2025-AZ,2024-10-16,Laptop,Electronics,West,CUST-7294,3,"$1,216.00",Cancelled,Alice
ORD-10452-2025-CA,2024-01-15,Monitor,Electronics,Central,CUST-5170,3,"$1,004.00",Cancelled,Eve
ORD-10453-2025-TX,2025-01-03,Webcam,Peripherals,East,CUST-3966,2,$128.00,Shipped,Frank
ORD-10454-2025-AZ,2024-12-07,Keyboard,Peripherals,East,CUST-3437,1,$125.00,Shipped,Bob
ORD-10455-2025-TX,2025-03-06,Gaming Headset,Gaming,Central,CUST-9842,1,$237.00,Shipped,Charlie
ORD-10456-2025-TX,2024-06-21,Laptop,Electronics,West,CUST-5882,3,$639.00,Shipped,Charlie
ORD-10457-2025-CA,2024-12-17,Mouse,Peripherals,West,CUST-5722,1,$45.00,Shipped,Bob
ORD-10458-2025-AZ,2025-01-14,Keyboard,Peripherals,Central,CUST-8241,1,$76.00,Shipped,David
ORD-10459-2025-CA,2024-08-06,Mouse,Peripherals,South,CUST-2335,3,$134.00,Shipped,David
ORD-10460-2025-TX,2025-02-16,Gaming Headset,Gaming,West,CUST-8568,4,$179.00,Pending,Charlie
ORD-10461-2025-AZ,2024-01-08,Mouse,Peripherals,West,CUST-2511,2,$142.00,Shipped,Frank
ORD-10462-2025-CA,2024-05-02,Gaming Headset,Gaming,South,CUST-3420,3,$145.00,Shipped,Charlie
ORD-10463-2025-TX,2024-07-10,Laptop,Electronics,South,CUST-7300,2,$583.00,Shipped,Frank
ORD-10464-2025-TX,2024-12-20,Router,Electronics,East,CUST-1011,4,$585.00,Shipped,Alice
ORD-10465-2025-TX,2024-09-20,SSD Drive,Gaming,North,CUST-4338,3,$107.00,Shipped,Alice
ORD-10466-2025-TX,2024-05-26,Webcam,Peripherals,South,CUST-7601,2,$144.00,Pending,Alice
ORD-10467-2025-AZ,2025-03-13,SSD Drive,Networking,Central,CUST-3738,2,$103.00,Shipped,Charlie
ORD-10468-2025-TX,2024-12-02,External HDD,Storage,East,CUST-8746,1,$104.00,Pending,Bob
ORD-10469-2025-TX,2025-06-13,SSD Drive,Peripherals,South,CUST-5249,5,$29.00,Cancelled,Bob
ORD-10470-2025-TX,2025-02-10,Laptop,Electronics,Central,CUST-9200,5,"$1,251.00",Cancelled,Frank
ORD-10471-2025-AZ,2024-04-23,Router,Electronics,North,CUST-5056,4,$546.00,Pending,Bob
ORD-10472-2025-TX,2025-05-20,SSD Drive,Storage,North,CUST-8200,1,$126.00,Shipped,David
ORD-10473-2025-AZ,2024-06-22,Monitor,Electronics,South,CUST-1070,4,"$1,045.00",Shipped,Frank
ORD-10474-2025-TX,2024-07-03,Mouse,Peripherals,Central,CUST-8934,5,$146.00,Shipped,Alice
ORD-10475-2025-CA,2024-02-29,Mouse,Peripherals,Central,CUST-6550,3,$37.00,Shipped,Alice
ORD-10476-2025-CA,2024-08-11,Mouse,Peripherals,North,CUST-8437,1,$133.00,Shipped,Alice
ORD-10477-2025-AZ,2025-03-14,Mouse,Peripherals,Central,CUST-1837,2,$150.00,Shipped,Charlie
ORD-10478-2025-CA,2024-06-06,Keyboard,Peripherals,North,CUST-3774,2,$106.00,Cancelled,Frank
ORD-10479-2025-TX,2024-01-02,Router,Electronics,North,CUST-6633,1,$725.00,Cancelled,David
ORD-10480-2025-CA,2024-09-04,Laptop,Electronics,North,CUST-7542,2,$880.00,Cancelled,Frank
ORD-10481-2025-TX,2024-05-22,Monitor,Electronics,West,CUST-8943,2,$584.00,Cancelled,Frank
ORD-10482-2025-TX,2024-12-24,SSD Drive,Peripherals,South,CUST-1659,2,$258.00,Shipped,David
ORD-10483-2025-CA,2024-06-04,Monitor,Electronics,Central,CUST-9855,1,"$1,193.00",Shipped,David
ORD-10484-2025-TX,2024-05-01,Keyboard,Peripherals,North,CUST-8738,2,$60.00,Pending,Bob
ORD-10485-2025-CA,2024-08-29,Monitor,Electronics,West,CUST-6618,5,"$1,278.00",Cancelled,Charlie
ORD-10486-2025-TX,2024-10-21,Webcam,Peripherals,South,CUST-6578,2,$33.00,Pending,Frank
ORD-10487-2025-TX,2024-02-02,Printer,Electronics,Central,CUST-9436,5,$636.00,Pending,Eve
ORD-10488-2025-CA,2024-02-08,Monitor,Electronics,East,CUST-9375,5,"$1,009.00",Shipped,Bob
ORD-10489-2025-TX,2024-11-04,External HDD,Accessories,West,CUST-8041,2,$100.00,Cancelled,Charlie
ORD-10490-2025-CA,2024-01-10,Monitor,Electronics,South,CUST-4932,5,"$1,181.00",Cancelled,Eve
ORD-10491-2025-CA,2024-05-12,Printer,Electronics,South,CUST-9128,2,"$1,292.00",Shipped,Bob
ORD-10492-2025-CA,2025-06-26,Printer,Electronics,South,CUST-8363,3,"$1,270.00",Shipped,Charlie
ORD-10493-2025-AZ,2024-02-03,Keyboard,Peripherals,South,CUST-4763,4,$144.00,Cancelled,Frank
ORD-10494-2025-AZ,2024-01-05,Gaming Headset,Gaming,South,CUST-4450,3,$203.00,Cancelled,Alice
ORD-10495-2025-AZ,2024-05-30,Gaming Headset,Gaming,West,CUST-2312,1,$191.00,Cancelled,Frank
ORD-10496-2025-CA,2024-12-26,Monitor,Electronics,Central,CUST-4995,1,$979.00,Shipped,Bob
ORD-10497-2025-CA,2024-08-02,Router,Electronics,Central,CUST-7867,5,"$1,289.00",Cancelled,Alice
ORD-10498-2025-TX,2025-03-17,Router,Electronics,North,CUST-9714,4,$804.00,Shipped,Frank
ORD-10499-2025-CA,2024-09-26,Mouse,Peripherals,Central,CUST-4467,1,$116.00,Pending,David
ORD-10500-2025-CA,2025-03-22,Gaming Headset,Gaming,North,CUST-5290,4,$229.00,Cancelled,Charlie
ORD-10501-2025-AZ,2025-03-26,Laptop,Electronics,North,CUST-6340,5,"$1,009.00",Shipped,Alice
ORD-10502-2025-TX,2024-05-24,External HDD,Electronics,West,CUST-2949,1,$36.00,Shipped,Frank
ORD-10503-2025-CA,2024-11-22,Gaming Headset,Gaming,North,CUST-1023,2,$212.00,Shipped,Bob
ORD-10504-2025-TX,2025-05-08,Laptop,Electronics,East,CUST-4074,5,"$1,057.00",Cancelled,Alice
ORD-10505-2025-TX,2025-01-08,Monitor,Electronics,North,CUST-9173,1,$416.00,Pending,Alice
ORD-10506-2025-AZ,2025-03-22,External HDD,Gaming,Central,CUST-3392,5,$90.00,Shipped,Bob
ORD-10507-2025-TX,2025-03-29,Keyboard,Peripherals,West,CUST-7354,4,$81.00,Cancelled,Eve
ORD-10508-2025-CA,2025-04-18,External HDD,Networking,East,CUST-6188,5,$224.00,Shipped,David
ORD-10509-2025-TX,2025-02-05,SSD Drive,Gaming,South,CUST-4273,3,$270.00,Cancelled,Bob
ORD-10510-2025-AZ,2024-11-20,SSD Drive,Accessories,West,CUST-4243,5,$158.00,Shipped,Charlie
ORD-10511-2025-AZ,2024-11-24,Printer,Electronics,South,CUST-7134,4,$498.00,Shipped,Alice
ORD-10512-2025-AZ,2024-04-15,Router,Electronics,West,CUST-1653,4,$711.00,Pending,Eve
ORD-10513-2025-AZ,2025-04-05,Keyboard,Peripherals,South,CUST-9544,5,$96.00,Shipped,Alice
ORD-10514-2025-TX,2024-06-13,Mouse,Peripherals,South,CUST-7150,1,$51.00,Shipped,Alice
ORD-10515-2025-TX,2024-04-04,Monitor,Electronics,West,CUST-9518,1,$998.00,Shipped,David
ORD-10516-2025-AZ,2025-04-11,SSD Drive,Electronics,East,CUST-2633,1,$161.00,Pending,Eve
ORD-10517-2025-TX,2024-09-09,Webcam,Peripherals,East,CUST-8317,1,$39.00,Shipped,Frank
ORD-10518-2025-TX,2024-10-18,Monitor,Electronics,West,CUST-8549,3,$454.00,Pending,Eve
ORD-10519-2025-AZ,2024-10-25,Keyboard,Peripherals,East,CUST-8227,4,$69.00,Shipped,Bob
ORD-10520-2025-AZ,2025-03-03,Printer,Electronics,Central,CUST-6383,2,$611.00,Cancelled,Bob
ORD-10521-2025-TX,2025-05-31,External HDD,Networking,Central,CUST-2934,3,$229.00,Shipped,Charlie
ORD-10522-2025-CA,2025-03-19,Laptop,Electronics,South,CUST-4461,1,"$1,182.00",Pending,Charlie
ORD-10523-2025-TX,2024-09-13,Router,Electronics,North,CUST-3186,1,$578.00,Shipped,Frank
ORD-10524-2025-AZ,2024-01-16,Laptop,Electronics,West,CUST-8088,1,$839.00,Shipped,Eve
ORD-10525-2025-CA,2025-05-08,Monitor,Electronics,West,CUST-8224,4,"$1,287.00",Shipped,Bob
ORD-10526-2025-AZ,2025-04-08,Monitor,Electronics,East,CUST-6828,3,"$1,267.00",Shipped,Bob
ORD-10527-2025-TX,2025-01-12,SSD Drive,Electronics,East,CUST-3984,4,$165.00,Shipped,Alice
ORD-10528-2025-AZ,2024-07-31,Keyboard,Peripherals,North,CUST-5534,4,$144.00,Pending,Charlie
ORD-10529-2025-AZ,2025-04-20,Gaming Headset,Gaming,North,CUST-8382,3,$134.00,Cancelled,Frank
ORD-10530-2025-CA,2025-04-10,Printer,Electronics,West,CUST-3529,2,$725.00,Cancelled,Alice
ORD-10531-2025-AZ,2025-03-13,Router,Electronics,Central,CUST-6505,4,"$1,274.00",Shipped,David
ORD-10532-2025-CA,2025-01-14,Monitor,Electronics,West,CUST-1063,2,"$1,360.00",Cancelled,Charlie
ORD-10533-2025-CA,2024-09-28,Monitor,Electronics,Central,CUST-1010,1,"$1,115.00",Cancelled,Eve
ORD-10534-2025-AZ,2024-11-13,Gaming Headset,Gaming,South,CUST-4559,1,$142.00,Shipped,Bob
ORD-10535-2025-TX,2025-02-25,Webcam,Peripherals,South,CUST-7134,2,$124.00,Shipped,Eve
ORD-10536-2025-CA,2024-09-19,Gaming Headset,Gaming,West,CUST-3409,4,$226.00,Shipped,Eve
ORD-10537-2025-AZ,2025-04-15,Printer,Electronics,North,CUST-5156,3,"$1,469.00",Shipped,Alice
ORD-10538-2025-AZ,2025-06-08,Webcam,Peripherals,Central,CUST-9318,1,$47.00,Cancelled,Eve
ORD-10539-2025-CA,2024-12-03,Keyboard,Peripherals,North,CUST-9972,3,$57.00,Pending,Alice
ORD-10540-2025-AZ,2024-08-24,Router,Electronics,West,CUST-3008,4,"$1,309.00",Shipped,Eve
ORD-10541-2025-TX,2025-03-09,Webcam,Peripherals,Central,CUST-3751,1,$89.00,Shipped,Alice
ORD-10542-2025-CA,2024-07-08,Webcam,Peripherals,North,CUST-3859,5,$29.00,Pending,Eve
ORD-10543-2025-TX,2024-05-02,Printer,Electronics,South,CUST-6359,2,"$1,427.00",Pending,Charlie
ORD-10544-2025-CA,2024-12-17,Keyboard,Peripherals,East,CUST-9256,2,$29.00,Cancelled,Eve
ORD-10545-2025-CA,2025-04-23,Router,Electronics,Central,CUST-3157,1,$696.00,Shipped,David
ORD-10546-2025-AZ,2024-10-15,Laptop,Electronics,North,CUST-3781,2,"$1,366.00",Shipped,Alice
ORD-10547-2025-AZ,2024-03-09,Mouse,Peripherals,South,CUST-1828,1,$145.00,Shipped,Eve
ORD-10548-2025-AZ,2025-04-15,Gaming Headset,Gaming,Central,CUST-2634,1,$214.00,Cancelled,Alice
ORD-10549-2025-AZ,2024-10-29,Webcam,Peripherals,South,CUST-8925,1,$88.00,Pending,Eve
ORD-10550-2025-CA,2024-11-07,Laptop,Electronics,Central,CUST-9574,2,"$1,160.00",Shipped,David
ORD-10551-2025-TX,2024-03-22,Router,Electronics,West,CUST-2891,3,$762.00,Shipped,Bob
ORD-10552-2025-TX,2025-04-03,SSD Drive,Gaming,South,CUST-6457,2,$222.00,Shipped,David
ORD-10553-2025-CA,2024-02-16,Printer,Electronics,Central,CUST-2153,3,$405.00,Shipped,Bob
ORD-10554-2025-AZ,2024-07-25,Laptop,Electronics,North,CUST-2009,4,"$1,199.00",Shipped,David
ORD-10555-2025-TX,2024-09-11,Webcam,Peripherals,East,CUST-9670,3,$66.00,Shipped,Alice
ORD-10556-2025-AZ,2024-12-30,Keyboard,Peripherals,West,CUST-5715,2,$114.00,Cancelled,Bob
ORD-10557-2025-TX,2024-07-10,Gaming Headset,Gaming,West,CUST-2905,1,$126.00,Shipped,Charlie
ORD-10558-2025-AZ,2024-09-07,Monitor,Electronics,North,CUST-6080,1,$467.00,Shipped,Bob
ORD-10559-2025-AZ,2024-01-16,External HDD,Accessories,West,CUST-2636,3,$222.00,Shipped,Eve
ORD-10560-2025-TX,2024-09-30,Monitor,Electronics,East,CUST-5784,3,"$1,486.00",Pending,Frank
ORD-10561-2025-TX,2024-05-23,Keyboard,Peripherals,East,CUST-7385,2,$33.00,Shipped,Bob
ORD-10562-2025-CA,2024-06-17,Keyboard,Peripherals,South,CUST-3132,1,$36.00,Shipped,David
ORD-10563-2025-AZ,2025-05-20,External HDD,Networking,West,CUST-1381,5,$31.00,Cancelled,Alice
ORD-10564-2025-AZ,2024-03-23,Laptop,Electronics,East,CUST-5025,4,$698.00,Pending,Bob
ORD-10565-2025-CA,2025-04-26,Printer,Electronics,South,CUST-9041,2,$987.00,Shipped,Alice
ORD-10566-2025-AZ,2024-07-17,External HDD,Gaming,West,CUST-5967,5,$161.00,Shipped,Charlie
ORD-10567-2025-TX,2024-10-04,Webcam,Peripherals,Central,CUST-8569,1,$79.00,Cancelled,Charlie
ORD-10568-2025-CA,2024-02-20,Laptop,Electronics,East,CUST-6058,2,$674.00,Cancelled,Eve
ORD-10569-2025-CA,2024-06-10,Mouse,Peripherals,West,CUST-4932,2,$94.00,Shipped,David
ORD-10570-2025-TX,2024-11-21,Printer,Electronics,Central,CUST-9074,2,$855.00,Cancelled,Alice
ORD-10571-2025-TX,2024-02-17,Gaming Headset,Gaming,East,CUST-1948,2,$104.00,Shipped,Bob
ORD-10572-2025-AZ,2025-04-12,Monitor,Electronics,West,CUST-4089,1,"$1,283.00",Cancelled,Alice
ORD-10573-2025-CA,2025-03-14,Gaming Headset,Gaming,Central,CUST-4238,3,$131.00,Shipped,Alice
ORD-10574-2025-TX,2024-06-11,SSD Drive,Networking,South,CUST-7410,3,$107.00,Pending,Bob
ORD-10575-2025-CA,2024-02-11,Gaming Headset,Gaming,East,CUST-8971,1,$92.00,Cancelled,Charlie
ORD-10576-2025-AZ,2024-11-21,Gaming Headset,Gaming,West,CUST-7910,4,$170.00,Shipped,Eve
ORD-10577-2025-AZ,2024-01-12,Keyboard,Peripherals,Central,CUST-8163,5,$63.00,Pending,Bob
ORD-10578-2025-TX,2025-05-19,Router,Electronics,Central,CUST-2027,4,$656.00,Pending,Charlie
ORD-10579-2025-TX,2025-03-04,External HDD,Storage,South,CUST-5909,2,$290.00,Shipped,Frank
ORD-10580-2025-TX,2024-07-15,Printer,Electronics,North,CUST-8801,3,$694.00,Shipped,Bob
ORD-10581-2025-CA,2024-03-07,Keyboard,Peripherals,Central,CUST-7317,3,$88.00,Shipped,Charlie
ORD-10582-2025-AZ,2024-08-10,Keyboard,Peripherals,East,CUST-8399,2,$37.00,Shipped,Alice
ORD-10583-2025-CA,2024-02-06,Printer,Electronics,East,CUST-1268,3,$505.00,Shipped,Alice
ORD-10584-2025-AZ,2024-06-28,Gaming Headset,Gaming,East,CUST-4768,3,$176.00,Pending,Alice
ORD-10585-2025-CA,2024-01-13,Webcam,Peripherals,West,CUST-9375,3,$112.00,Shipped,David
ORD-10586-2025-TX,2025-04-13,Router,Electronics,Central,CUST-7527,1,"$1,145.00",Shipped,Charlie
ORD-10587-2025-TX,2024-07-23,Keyboard,Peripherals,West,CUST-1604,3,$111.00,Shipped,David
ORD-10588-2025-CA,2024-07-13,SSD Drive,Electronics,West,CUST-6406,3,$160.00,Shipped,Bob
ORD-10589-2025-CA,2024-11-09,SSD Drive,Peripherals,West,CUST-3280,4,$44.00,Shipped,Frank
ORD-10590-2025-AZ,2025-03-08,Printer,Electronics,North,CUST-4245,2,"$1,148.00",Shipped,Frank
ORD-10591-2025-AZ,2025-06-08,SSD Drive,Gaming,East,CUST-7895,1,$164.00,Pending,Alice
ORD-10592-2025-TX,2024-12-14,Printer,Electronics,West,CUST-6947,4,$687.00,Shipped,Frank
ORD-10593-2025-TX,2024-11-16,Mouse,Peripherals,West,CUST-3141,3,$104.00,Shipped,Frank
ORD-10594-2025-CA,2024-04-18,Router,Electronics,East,CUST-4099,4,"$1,310.00",Shipped,Eve
ORD-10595-2025-AZ,2025-05-07,Monitor,Electronics,South,CUST-4786,4,"$1,162.00",Shipped,Bob
ORD-10596-2025-TX,2025-06-18,Router,Electronics,Central,CUST-5833,2,$700.00,Shipped,Charlie
ORD-10597-2025-CA,2024-07-21,Printer,Electronics,East,CUST-9058,4,"$1,443.00",Shipped,Bob
ORD-10598-2025-TX,2025-04-01,Mouse,Peripherals,North,CUST-9940,5,$58.00,Pending,Bob
ORD-10599-2025-AZ,2025-04-26,External HDD,Peripherals,Central,CUST-8132,1,$208.00,Shipped,Charlie
ORD-10600-2025-CA,2024-05-05,Keyboard,Peripherals,South,CUST-5991,3,$49.00,Pending,Alice
ORD-10601-2025-TX,2024-06-22,Monitor,Electronics,East,CUST-9389,4,"$1,052.00",Cancelled,David
ORD-10602-2025-TX,2024-06-09,SSD Drive,Storage,North,CUST-9486,3,$82.00,Shipped,Charlie
ORD-10603-2025-TX,2025-04-23,Mouse,Peripherals,Central,CUST-6297,2,$50.00,Pending,Eve
ORD-10604-2025-AZ,2024-01-11,Gaming Headset,Gaming,North,CUST-8719,3,$138.00,Cancelled,David
ORD-10605-2025-CA,2024-03-09,Router,Electronics,Central,CUST-3210,3,$799.00,Cancelled,Eve
ORD-10606-2025-AZ,2025-06-09,Printer,Electronics,South,CUST-2591,1,"$1,428.00",Pending,Charlie
ORD-10607-2025-CA,2025-04-05,Monitor,Electronics,West,CUST-4220,3,"$1,322.00",Shipped,Frank
ORD-10608-2025-AZ,2025-04-06,SSD Drive,Storage,Central,CUST-7827,4,$129.00,Cancelled,Eve
ORD-10609-2025-AZ,2024-06-05,Laptop,Electronics,Central,CUST-3570,2,$933.00,Shipped,Eve
ORD-10610-2025-TX,2024-06-27,Monitor,Electronics,North,CUST-8083,1,$400.00,Pending,Frank
ORD-10611-2025-TX,2024-05-28,Keyboard,Peripherals,Central,CUST-9034,4,$44.00,Pending,Charlie
ORD-10612-2025-CA,2024-04-07,Printer,Electronics,East,CUST-6596,5,"$1,004.00",Cancelled,Eve
ORD-10613-2025-CA,2025-02-02,Webcam,Peripherals,West,CUST-3942,2,$60.00,Cancelled,Eve
ORD-10614-2025-CA,2024-11-26,SSD Drive,Peripherals,West,CUST-8357,5,$248.00,Pending,Alice
ORD-10615-2025-CA,2025-03-09,External HDD,Storage,East,CUST-6649,1,$69.00,Pending,Charlie
ORD-10616-2025-AZ,2024-01-24,Printer,Electronics,North,CUST-5429,2,$813.00,Shipped,Bob
ORD-10617-2025-TX,2024-09-05,Mouse,Peripherals,North,CUST-5611,1,$70.00,Shipped,Alice
ORD-10618-2025-AZ,2024-08-07,Router,Electronics,North,CUST-9147,5,"$1,005.00",Cancelled,Charlie
ORD-10619-2025-AZ,2024-12-29,Keyboard,Peripherals,South,CUST-8656,1,$49.00,Shipped,Charlie
ORD-10620-2025-TX,2024-04-11,Monitor,Electronics,North,CUST-3270,2,"$1,345.00",Cancelled,Frank
ORD-10621-2025-CA,2024-04-19,SSD Drive,Gaming,East,CUST-5334,1,$234.00,Shipped,Charlie
ORD-10622-2025-TX,2024-06-19,Gaming Headset,Gaming,East,CUST-5231,2,$112.00,Pending,Charlie
ORD-10623-2025-CA,2025-02-22,Laptop,Electronics,East,CUST-4207,1,$513.00,Shipped,Frank
ORD-10624-2025-CA,2024-07-07,SSD Drive,Accessories,Central,CUST-4228,5,$124.00,Shipped,David
ORD-10625-2025-TX,2025-01-29,Mouse,Peripherals,South,CUST-8167,2,$28.00,Pending,Charlie
ORD-10626-2025-TX,2024-10-08,Printer,Electronics,North,CUST-7879,3,$875.00,Cancelled,Eve
ORD-10627-2025-AZ,2024-11-04,Monitor,Electronics,West,CUST-5126,3,"$1,130.00",Shipped,David
ORD-10628-2025-TX,2024-01-18,Monitor,Electronics,West,CUST-6287,3,$671.00,Shipped,David
ORD-10629-2025-AZ,2025-06-16,Monitor,Electronics,North,CUST-8172,1,"$1,320.00",Shipped,David
ORD-10630-2025-TX,2024-08-19,Webcam,Peripherals,Central,CUST-7052,3,$114.00,Pending,Eve
ORD-10631-2025-AZ,2025-01-07,External HDD,Accessories,South,CUST-1055,5,$250.00,Cancelled,Bob
ORD-10632-2025-AZ,2025-01-16,Printer,Electronics,South,CUST-2945,5,$937.00,Shipped,Bob
ORD-10633-2025-TX,2024-11-27,Monitor,Electronics,East,CUST-1120,1,"$1,350.00",Shipped,Frank
ORD-10634-2025-CA,2024-09-27,Printer,Electronics,East,CUST-9119,4,"$1,173.00",Shipped,Alice
ORD-10635-2025-CA,2024-02-06,SSD Drive,Electronics,South,CUST-8073,4,$226.00,Shipped,Eve
ORD-10636-2025-TX,2024-01-20,Mouse,Peripherals,North,CUST-3115,4,$122.00,Shipped,Bob
ORD-10637-2025-CA,2025-05-06,Laptop,Electronics,East,CUST-2706,5,"$1,370.00",Shipped,Eve
ORD-10638-2025-AZ,2024-11-08,Keyboard,Peripherals,West,CUST-5283,5,$62.00,Shipped,Alice
ORD-10639-2025-AZ,2024-03-25,Mouse,Peripherals,South,CUST-3245,2,$125.00,Cancelled,Frank
ORD-10640-2025-CA,2024-10-23,External HDD,Peripherals,South,CUST-8142,4,$160.00,Shipped,Eve
ORD-10641-2025-AZ,2024-03-21,Webcam,Peripherals,North,CUST-7299,5,$77.00,Pending,Charlie
ORD-10642-2025-CA,2024-07-31,External HDD,Electronics,North,CUST-4166,4,$283.00,Shipped,Charlie
ORD-10643-2025-CA,2024-08-18,External HDD,Accessories,Central,CUST-8437,2,$211.00,Pending,Frank
ORD-10644-2025-TX,2025-03-17,Laptop,Electronics,South,CUST-9921,5,$858.00,Shipped,Charlie
ORD-10645-2025-TX,2024-06-24,External HDD,Accessories,Central,CUST-7815,3,$278.00,Shipped,David
ORD-10646-2025-CA,2024-01-17,Printer,Electronics,Central,CUST-4975,2,"$1,041.00",Shipped,Eve
ORD-10647-2025-AZ,2024-08-29,Laptop,Electronics,North,CUST-7781,1,"$1,042.00",Shipped,Eve
ORD-10648-2025-TX,2025-01-09,External HDD,Accessories,Central,CUST-9677,1,$300.00,Cancelled,Bob
ORD-10649-2025-CA,2024-02-19,External HDD,Electronics,North,CUST-1431,5,$161.00,Cancelled,Frank
ORD-10650-2025-CA,2024-02-05,External HDD,Gaming,North,CUST-6628,1,$90.00,Shipped,Frank
ORD-10651-2025-CA,2025-03-15,Monitor,Electronics,East,CUST-7402,4,$848.00,Pending,Eve
ORD-10652-2025-AZ,2025-04-16,SSD Drive,Gaming,North,CUST-5141,2,$190.00,Shipped,David
ORD-10653-2025-AZ,2024-10-30,Printer,Electronics,North,CUST-3269,1,"$1,215.00",Cancelled,Charlie
ORD-10654-2025-AZ,2025-04-07,Mouse,Peripherals,East,CUST-4060,1,$39.00,Cancelled,David
ORD-10655-2025-TX,2024-03-16,Laptop,Electronics,North,CUST-9445,4,"$1,275.00",Shipped,Charlie
ORD-10656-2025-TX,2025-06-27,SSD Drive,Peripherals,East,CUST-3617,5,$279.00,Pending,Frank
ORD-10657-2025-CA,2024-05-08,Webcam,Peripherals,East,CUST-3380,2,$96.00,Shipped,Charlie
ORD-10658-2025-CA,2024-09-19,Laptop,Electronics,West,CUST-6075,3,"$1,188.00",Pending,David
ORD-10659-2025-AZ,2024-09-10,Gaming Headset,Gaming,South,CUST-3347,1,$137.00,Shipped,Alice
ORD-10660-2025-CA,2024-07-24,Gaming Headset,Gaming,West,CUST-4669,2,$139.00,Cancelled,Eve
ORD-10661-2025-CA,2024-09-04,Monitor,Electronics,East,CUST-7235,4,$640.00,Cancelled,Bob
ORD-10662-2025-AZ,2024-07-07,Printer,Electronics,South,CUST-2205,1,$797.00,Shipped,David
ORD-10663-2025-AZ,2025-05-24,Keyboard,Peripherals,West,CUST-6125,5,$25.00,Cancelled,Alice
ORD-10664-2025-TX,2025-06-06,Router,Electronics,West,CUST-8307,3,"$1,098.00",Shipped,Charlie
ORD-10665-2025-AZ,2024-11-23,Laptop,Electronics,Central,CUST-3353,4,"$1,297.00",Shipped,Frank
ORD-10666-2025-CA,2025-03-05,Router,Electronics,North,CUST-7817,1,$877.00,Shipped,Eve
ORD-10667-2025-CA,2024-03-08,Router,Electronics,West,CUST-3740,3,"$1,005.00",Shipped,Bob
ORD-10668-2025-AZ,2024-03-16,Laptop,Electronics,North,CUST-6556,1,$557.00,Shipped,Alice
ORD-10669-2025-AZ,2024-03-19,Mouse,Peripherals,North,CUST-6458,1,$117.00,Shipped,Frank
ORD-10670-2025-AZ,2024-10-04,SSD Drive,Networking,West,CUST-6527,1,$34.00,Shipped,Alice
ORD-10671-2025-AZ,2024-12-15,Keyboard,Peripherals,South,CUST-6028,2,$130.00,Cancelled,David
ORD-10672-2025-AZ,2024-04-10,Keyboard,Peripherals,North,CUST-2331,1,$54.00,Shipped,Alice
ORD-10673-2025-AZ,2024-09-02,Laptop,Electronics,West,CUST-6070,2,"$1,422.00",Shipped,Eve
ORD-10674-2025-CA,2024-12-28,Laptop,Electronics,West,CUST-5361,1,"$1,116.00",Shipped,Frank
ORD-10675-2025-CA,2024-08-13,Laptop,Electronics,Central,CUST-8584,3,"$1,163.00",Shipped,Eve
ORD-10676-2025-AZ,2024-08-14,Laptop,Electronics,South,CUST-1930,1,$582.00,Pending,Alice
ORD-10677-2025-CA,2024-12-11,External HDD,Networking,East,CUST-9435,1,$22.00,Shipped,Frank
ORD-10678-2025-CA,2025-01-20,Monitor,Electronics,North,CUST-5845,4,"$1,032.00",Pending,Alice
ORD-10679-2025-CA,2024-04-03,Router,Electronics,East,CUST-4700,3,$872.00,Shipped,Eve
ORD-10680-2025-CA,2024-09-05,SSD Drive,Networking,West,CUST-2642,5,$123.00,Pending,David
ORD-10681-2025-TX,2024-02-16,Webcam,Peripherals,West,CUST-4391,4,$30.00,Pending,Eve
ORD-10682-2025-CA,2024-08-29,Monitor,Electronics,North,CUST-6459,2,$552.00,Shipped,Bob
ORD-10683-2025-TX,2024-02-19,Monitor,Electronics,South,CUST-3823,4,"$1,091.00",Shipped,Eve
ORD-10684-2025-AZ,2024-08-09,Laptop,Electronics,South,CUST-9806,2,"$1,279.00",Cancelled,Bob
ORD-10685-2025-TX,2025-06-16,Webcam,Peripherals,North,CUST-8338,2,$106.00,Pending,David
ORD-10686-2025-TX,2024-11-03,SSD Drive,Peripherals,West,CUST-6595,5,$93.00,Cancelled,Eve
ORD-10687-2025-AZ,2024-04-06,Gaming Headset,Gaming,East,CUST-6693,3,$160.00,Cancelled,David
ORD-10688-2025-TX,2024-08-13,Printer,Electronics,West,CUST-9328,4,$748.00,Shipped,David
ORD-10689-2025-AZ,2024-08-05,Webcam,Peripherals,South,CUST-4189,1,$68.00,Shipped,Charlie
ORD-10690-2025-CA,2024-05-27,Printer,Electronics,East,CUST-9812,1,"$1,434.00",Shipped,Eve
ORD-10691-2025-CA,2024-12-01,Keyboard,Peripherals,South,CUST-7517,2,$137.00,Shipped,David
ORD-10692-2025-AZ,2025-04-12,Monitor,Electronics,North,CUST-8193,5,"$1,467.00",Pending,Frank
ORD-10693-2025-CA,2025-04-19,Keyboard,Peripherals,South,CUST-2421,5,$26.00,Cancelled,Frank
ORD-10694-2025-TX,2024-10-13,Mouse,Peripherals,South,CUST-2334,5,$34.00,Shipped,Frank
ORD-10695-2025-AZ,2025-04-04,Printer,Electronics,South,CUST-1955,1,"$1,270.00",Shipped,Charlie
ORD-10696-2025-CA,2024-05-10,Mouse,Peripherals,West,CUST-5808,1,$112.00,Shipped,David
ORD-10697-2025-CA,2024-05-28,Keyboard,Peripherals,North,CUST-7911,4,$135.00,Shipped,Frank
ORD-10698-2025-AZ,2024-05-12,SSD Drive,Peripherals,South,CUST-6001,4,$202.00,Pending,Alice
ORD-10699-2025-AZ,2025-03-04,Mouse,Peripherals,Central,CUST-4532,1,$93.00,Shipped,Alice
ORD-10700-2025-AZ,2024-01-16,Webcam,Peripherals,South,CUST-5870,3,$35.00,Shipped,Bob
ORD-10701-2025-TX,2025-04-06,Printer,Electronics,North,CUST-2792,3,"$1,408.00",Shipped,David
ORD-10702-2025-TX,2024-12-31,Monitor,Electronics,Central,CUST-9536,5,$509.00,Shipped,Alice
ORD-10703-2025-CA,2025-05-25,Mouse,Peripherals,West,CUST-9633,4,$48.00,Pending,Eve
ORD-10704-2025-AZ,2025-01-08,Keyboard,Peripherals,East,CUST-1585,5,$23.00,Shipped,David
ORD-10705-2025-TX,2024-03-13,Printer,Electronics,North,CUST-4228,4,$830.00,Shipped,Charlie
ORD-10706-2025-CA,2025-03-14,Mouse,Peripherals,North,CUST-5764,5,$41.00,Shipped,Alice
ORD-10707-2025-TX,2024-10-20,Keyboard,Peripherals,South,CUST-1575,1,$33.00,Pending,Alice
ORD-10708-2025-CA,2025-02-27,Gaming Headset,Gaming,South,CUST-6022,5,$228.00,Pending,Charlie
ORD-10709-2025-CA,2024-12-04,Mouse,Peripherals,East,CUST-2322,3,$109.00,Pending,Charlie
ORD-10710-2025-TX,2025-03-30,Gaming Headset,Gaming,East,CUST-8617,2,$153.00,Pending,Eve
ORD-10711-2025-TX,2025-04-17,External HDD,Storage,West,CUST-5248,2,$272.00,Shipped,David
ORD-10712-2025-CA,2024-12-26,SSD Drive,Networking,Central,CUST-8612,2,$260.00,Cancelled,Eve
ORD-10713-2025-TX,2024-07-07,Router,Electronics,Central,CUST-9484,4,$856.00,Shipped,Alice
ORD-10714-2025-TX,2024-05-12,Keyboard,Peripherals,West,CUST-9410,3,$87.00,Shipped,Eve
ORD-10715-2025-AZ,2024-11-02,Printer,Electronics,South,CUST-7925,2,"$1,384.00",Shipped,Frank
ORD-10716-2025-TX,2024-07-19,Mouse,Peripherals,South,CUST-6583,3,$148.00,Shipped,Charlie
ORD-10717-2025-CA,2025-05-13,External HDD,Networking,South,CUST-9146,5,$102.00,Shipped,Charlie
ORD-10718-2025-AZ,2024-11-20,External HDD,Accessories,South,CUST-6216,2,$187.00,Shipped,Eve
ORD-10719-2025-TX,2024-08-14,Laptop,Electronics,South,CUST-4107,5,"$1,150.00",Cancelled,Alice
ORD-10720-2025-TX,2025-02-23,Webcam,Peripherals,East,CUST-2666,3,$86.00,Cancelled,Alice
ORD-10721-2025-TX,2025-04-28,Laptop,Electronics,North,CUST-5435,3,"$1,349.00",Shipped,Alice
ORD-10722-2025-AZ,2024-12-05,Gaming Headset,Gaming,Central,CUST-5298,2,$117.00,Shipped,David
ORD-10723-2025-AZ,2025-03-13,Laptop,Electronics,Central,CUST-1524,4,"$1,048.00",Pending,Charlie
ORD-10724-2025-CA,2024-08-09,Printer,Electronics,West,CUST-9090,5,$556.00,Pending,Bob
ORD-10725-2025-CA,2024-10-17,Monitor,Electronics,South,CUST-8131,5,"$1,158.00",Shipped,Bob
ORD-10726-2025-CA,2025-06-22,SSD Drive,Storage,Central,CUST-8863,3,$119.00,Shipped,David
ORD-10727-2025-TX,2024-08-09,Gaming Headset,Gaming,West,CUST-7699,2,$158.00,Pending,Eve
ORD-10728-2025-CA,2025-01-14,Mouse,Peripherals,Central,CUST-4386,5,$121.00,Shipped,Bob
ORD-10729-2025-TX,2024-11-14,Gaming Headset,Gaming,East,CUST-6421,5,$139.00,Shipped,David
ORD-10730-2025-AZ,2025-05-03,SSD Drive,Storage,East,CUST-3752,5,$238.00,Shipped,David
ORD-10731-2025-AZ,2024-04-05,Gaming Headset,Gaming,Central,CUST-3993,5,$139.00,Shipped,Eve
ORD-10732-2025-CA,2024-05-08,Router,Electronics,Central,CUST-1074,3,$507.00,Shipped,Charlie
ORD-10733-2025-CA,2024-03-17,Gaming Headset,Gaming,West,CUST-6375,4,$167.00,Shipped,Charlie
ORD-10734-2025-AZ,2024-03-12,Webcam,Peripherals,West,CUST-7651,3,$55.00,Shipped,David
ORD-10735-2025-AZ,2024-10-21,SSD Drive,Peripherals,South,CUST-3192,2,$253.00,Shipped,Bob
ORD-10736-2025-CA,2025-05-30,Laptop,Electronics,East,CUST-5259,1,"$1,038.00",Shipped,Bob
ORD-10737-2025-TX,2024-01-19,Keyboard,Peripherals,East,CUST-9822,2,$101.00,Cancelled,Bob
ORD-10738-2025-AZ,2024-03-26,Gaming Headset,Gaming,South,CUST-3057,5,$149.00,Shipped,Alice
ORD-10739-2025-CA,2025-05-27,Router,Electronics,Central,CUST-1918,2,$758.00,Cancelled,Bob
ORD-10740-2025-TX,2025-01-10,Printer,Electronics,North,CUST-5669,2,$565.00,Shipped,Bob
ORD-10741-2025-AZ,2025-06-19,Gaming Headset,Gaming,North,CUST-7708,3,$146.00,Shipped,David
ORD-10742-2025-AZ,2024-01-01,SSD Drive,Storage,South,CUST-7943,4,$45.00,Shipped,David
ORD-10743-2025-CA,2024-06-05,Webcam,Peripherals,Central,CUST-2750,3,$91.00,Pending,David
ORD-10744-2025-AZ,2024-05-11,Gaming Headset,Gaming,Central,CUST-6939,3,$112.00,Cancelled,Bob
ORD-10745-2025-CA,2024-03-27,Laptop,Electronics,North,CUST-6407,5,"$1,035.00",Shipped,Charlie
ORD-10746-2025-CA,2024-12-24,Webcam,Peripherals,East,CUST-5701,3,$25.00,Pending,Bob
ORD-10747-2025-AZ,2025-05-17,Mouse,Peripherals,North,CUST-2295,5,$38.00,Shipped,Charlie
ORD-10748-2025-TX,2024-12-19,Monitor,Electronics,Central,CUST-3376,4,"$1,365.00",Shipped,Frank
ORD-10749-2025-CA,2024-03-25,Laptop,Electronics,West,CUST-9424,5,"$1,478.00",Shipped,Alice
ORD-10750-2025-AZ,2024-01-01,Router,Electronics,North,CUST-6829,4,$842.00,Pending,David
ORD-10751-2025-TX,2024-09-05,Monitor,Electronics,South,CUST-8749,3,$549.00,Pending,Bob
ORD-10752-2025-TX,2024-06-15,Monitor,Electronics,Central,CUST-3157,2,$674.00,Cancelled,David
ORD-10753-2025-TX,2024-08-27,Webcam,Peripherals,West,CUST-4848,4,$101.00,Cancelled,Alice
ORD-10754-2025-CA,2024-02-19,Gaming Headset,Gaming,East,CUST-7055,5,$104.00,Cancelled,Eve
ORD-10755-2025-CA,2025-05-11,Keyboard,Peripherals,North,CUST-6901,2,$68.00,Pending,David
ORD-10756-2025-TX,2025-01-22,SSD Drive,Peripherals,Central,CUST-2725,1,$269.00,Shipped,Bob
ORD-10757-2025-TX,2024-03-22,Printer,Electronics,South,CUST-3573,1,"$1,274.00",Shipped,Eve
ORD-10758-2025-AZ,2024-05-19,Keyboard,Peripherals,South,CUST-6651,3,$58.00,Pending,Bob
ORD-10759-2025-CA,2024-06-16,Router,Electronics,Central,CUST-9519,1,"$1,160.00",Shipped,Charlie
ORD-10760-2025-AZ,2024-05-09,Monitor,Electronics,South,CUST-2244,2,"$1,204.00",Shipped,Bob
ORD-10761-2025-AZ,2024-03-31,SSD Drive,Networking,South,CUST-7944,5,$292.00,Shipped,Bob
ORD-10762-2025-AZ,2024-03-14,Printer,Electronics,Central,CUST-6826,2,"$1,057.00",Shipped,Frank
ORD-10763-2025-TX,2024-04-26,Monitor,Electronics,West,CUST-7592,1,"$1,277.00",Shipped,Frank
ORD-10764-2025-AZ,2025-06-29,Laptop,Electronics,West,CUST-1757,2,$821.00,Pending,David
ORD-10765-2025-TX,2025-01-03,External HDD,Electronics,West,CUST-3745,4,$85.00,Cancelled,Eve
ORD-10766-2025-CA,2024-11-26,SSD Drive,Accessories,Central,CUST-4657,2,$121.00,Shipped,Eve
ORD-10767-2025-CA,2024-05-17,Printer,Electronics,Central,CUST-1558,5,$667.00,Pending,David
ORD-10768-2025-TX,2024-05-01,Monitor,Electronics,West,CUST-8672,3,$915.00,Shipped,Frank
ORD-10769-2025-AZ,2024-10-12,Router,Electronics,West,CUST-2918,5,$621.00,Shipped,Alice
ORD-10770-2025-CA,2024-01-13,Gaming Headset,Gaming,East,CUST-3846,1,$169.00,Shipped,David
ORD-10771-2025-TX,2025-01-27,Gaming Headset,Gaming,South,CUST-9859,2,$82.00,Shipped,Frank
ORD-10772-2025-CA,2025-01-12,Monitor,Electronics,East,CUST-4677,2,"$1,138.00",Shipped,Charlie
ORD-10773-2025-TX,2025-05-06,Printer,Electronics,East,CUST-8009,3,"$1,480.00",Pending,Frank
ORD-10774-2025-CA,2024-09-10,SSD Drive,Electronics,East,CUST-6199,5,$219.00,Cancelled,Charlie
ORD-10775-2025-AZ,2024-10-26,Monitor,Electronics,South,CUST-1156,4,$554.00,Shipped,Bob
ORD-10776-2025-CA,2024-02-25,Webcam,Peripherals,South,CUST-1199,2,$34.00,Shipped,Bob
ORD-10777-2025-TX,2025-06-09,Gaming Headset,Gaming,Central,CUST-1039,5,$165.00,Cancelled,Bob
ORD-10778-2025-CA,2024-11-24,Laptop,Electronics,East,CUST-4955,2,"$1,205.00",Shipped,Eve
ORD-10779-2025-CA,2025-01-12,Printer,Electronics,West,CUST-2789,5,"$1,007.00",Shipped,Alice
ORD-10780-2025-CA,2025-04-05,External HDD,Gaming,East,CUST-2186,5,$241.00,Shipped,Eve
ORD-10781-2025-TX,2025-04-27,Webcam,Peripherals,West,CUST-9668,4,$83.00,Shipped,Alice
ORD-10782-2025-CA,2025-02-08,Router,Electronics,North,CUST-3239,5,$855.00,Shipped,Bob
ORD-10783-2025-CA,2024-04-03,Laptop,Electronics,West,CUST-3828,5,"$1,294.00",Shipped,Alice
ORD-10784-2025-AZ,2024-01-06,Router,Electronics,West,CUST-4131,3,"$1,228.00",Shipped,Bob
ORD-10785-2025-AZ,2024-12-02,Monitor,Electronics,East,CUST-9074,2,"$1,422.00",Pending,Bob
ORD-10786-2025-TX,2025-04-04,Mouse,Peripherals,East,CUST-7591,3,$141.00,Cancelled,Frank
ORD-10787-2025-TX,2024-03-24,SSD Drive,Networking,West,CUST-2089,5,$195.00,Pending,Frank
ORD-10788-2025-CA,2024-05-23,Router,Electronics,South,CUST-7315,4,"$1,059.00",Cancelled,Alice
ORD-10789-2025-AZ,2024-05-11,Monitor,Electronics,Central,CUST-5552,5,"$1,461.00",Cancelled,David
ORD-10790-2025-TX,2024-10-01,Webcam,Peripherals,South,CUST-4197,3,$26.00,Pending,Eve
ORD-10791-2025-CA,2025-06-18,SSD Drive,Electronics,North,CUST-6678,5,$52.00,Pending,Bob
ORD-10792-2025-TX,2024-06-06,Mouse,Peripherals,West,CUST-1443,5,$125.00,Shipped,David
ORD-10793-2025-CA,2024-05-03,Laptop,Electronics,West,CUST-7876,1,"$1,048.00",Shipped,David
ORD-10794-2025-TX,2025-03-23,Router,Electronics,North,CUST-9732,2,$472.00,Shipped,Bob
ORD-10795-2025-TX,2024-05-08,Printer,Electronics,East,CUST-1725,1,"$1,314.00",Shipped,Alice
ORD-10796-2025-CA,2024-10-19,Gaming Headset,Gaming,South,CUST-8005,4,$185.00,Shipped,Alice
ORD-10797-2025-CA,2024-06-02,Gaming Headset,Gaming,North,CUST-5586,4,$189.00,Shipped,David
ORD-10798-2025-CA,2024-05-10,Webcam,Peripherals,South,CUST-1488,3,$90.00,Pending,Frank
ORD-10799-2025-AZ,2024-04-26,Router,Electronics,South,CUST-9622,2,$566.00,Cancelled,David
ORD-10800-2025-AZ,2024-10-25,Monitor,Electronics,North,CUST-4935,5,$519.00,Pending,Bob
ORD-10801-2025-TX,2024-07-14,Gaming Headset,Gaming,South,CUST-3466,3,$101.00,Shipped,Charlie
ORD-10802-2025-AZ,2024-05-15,Mouse,Peripherals,Central,CUST-1470,5,$141.00,Pending,Eve
ORD-10803-2025-CA,2024-02-13,Router,Electronics,West,CUST-9189,4,$759.00,Shipped,Alice
ORD-10804-2025-AZ,2024-03-28,Router,Electronics,West,CUST-7505,2,$715.00,Shipped,Alice
ORD-10805-2025-CA,2024-04-07,External HDD,Gaming,Central,CUST-9391,4,$138.00,Shipped,Charlie
ORD-10806-2025-TX,2025-02-08,External HDD,Accessories,North,CUST-4761,2,$24.00,Shipped,Eve
ORD-10807-2025-TX,2024-01-23,Router,Electronics,North,CUST-9344,5,$960.00,Shipped,Alice
ORD-10808-2025-CA,2024-06-06,Keyboard,Peripherals,West,CUST-8542,4,$113.00,Shipped,David
ORD-10809-2025-TX,2025-03-18,Mouse,Peripherals,West,CUST-1765,1,$116.00,Cancelled,Alice
ORD-10810-2025-AZ,2025-03-07,Gaming Headset,Gaming,Central,CUST-5301,5,$180.00,Shipped,Eve
ORD-10811-2025-TX,2024-06-01,Keyboard,Peripherals,Central,CUST-4404,2,$142.00,Shipped,Frank
ORD-10812-2025-AZ,2024-10-19,Laptop,Electronics,Central,CUST-1882,2,"$1,310.00",Shipped,Bob
ORD-10813-2025-CA,2024-04-07,SSD Drive,Gaming,Central,CUST-7875,4,$132.00,Shipped,Charlie
ORD-10814-2025-AZ,2025-01-03,Laptop,Electronics,East,CUST-9579,3,"$1,355.00",Shipped,Charlie
ORD-10815-2025-TX,2025-03-04,External HDD,Storage,West,CUST-2329,1,$67.00,Cancelled,Charlie
ORD-10816-2025-TX,2025-06-19,Router,Electronics,Central,CUST-3338,2,"$1,017.00",Shipped,David
ORD-10817-2025-AZ,2024-03-13,Gaming Headset,Gaming,Central,CUST-3574,2,$136.00,Shipped,Alice
ORD-10818-2025-AZ,2025-01-22,Webcam,Peripherals,West,CUST-8169,1,$79.00,Shipped,Charlie
ORD-10819-2025-TX,2025-01-07,External HDD,Networking,East,CUST-2417,1,$70.00,Shipped,Charlie
ORD-10820-2025-TX,2025-01-11,Printer,Electronics,South,CUST-6545,2,"$1,353.00",Pending,Charlie
ORD-10821-2025-CA,2024-03-01,Laptop,Electronics,South,CUST-8061,4,$611.00,Cancelled,Charlie
ORD-10822-2025-CA,2025-02-11,External HDD,Networking,Central,CUST-8759,3,$278.00,Shipped,David
ORD-10823-2025-AZ,2025-05-01,Mouse,Peripherals,Central,CUST-3007,3,$61.00,Cancelled,Bob
ORD-10824-2025-CA,2024-11-18,Monitor,Electronics,East,CUST-4806,1,"$1,177.00",Shipped,Eve
ORD-10825-2025-CA,2024-06-01,Laptop,Electronics,East,CUST-7021,3,$615.00,Shipped,Bob
ORD-10826-2025-AZ,2024-05-20,Monitor,Electronics,North,CUST-9775,3,$753.00,Pending,Bob
ORD-10827-2025-TX,2024-09-26,External HDD,Gaming,North,CUST-1300,2,$287.00,Cancelled,Bob
ORD-10828-2025-CA,2024-11-28,Monitor,Electronics,East,CUST-2864,4,"$1,207.00",Shipped,David
ORD-10829-2025-TX,2025-04-12,Printer,Electronics,Central,CUST-7305,5,"$1,229.00",Shipped,Frank
ORD-10830-2025-AZ,2025-02-20,SSD Drive,Accessories,Central,CUST-2727,3,$35.00,Shipped,Bob
ORD-10831-2025-CA,2024-11-09,Printer,Electronics,North,CUST-9715,4,$467.00,Pending,Eve
ORD-10832-2025-CA,2025-02-21,Mouse,Peripherals,Central,CUST-5931,5,$110.00,Shipped,Charlie
ORD-10833-2025-TX,2024-05-27,Monitor,Electronics,East,CUST-8663,5,"$1,479.00",Shipped,Alice
ORD-10834-2025-AZ,2025-03-15,Gaming Headset,Gaming,North,CUST-5000,2,$216.00,Shipped,Frank
ORD-10835-2025-CA,2024-02-13,Gaming Headset,Gaming,Central,CUST-9263,4,$194.00,Cancelled,Eve
ORD-10836-2025-TX,2024-05-01,Monitor,Electronics,East,CUST-3627,4,"$1,263.00",Pending,Charlie
ORD-10837-2025-CA,2025-05-26,Printer,Electronics,North,CUST-3716,2,$785.00,Shipped,Charlie
ORD-10838-2025-TX,2024-02-26,Monitor,Electronics,Central,CUST-8278,5,"$1,337.00",Pending,Eve
ORD-10839-2025-TX,2025-05-26,Laptop,Electronics,South,CUST-1534,3,$413.00,Cancelled,Alice
ORD-10840-2025-AZ,2025-04-19,Monitor,Electronics,North,CUST-3923,3,$459.00,Shipped,Bob
ORD-10841-2025-CA,2024-12-16,SSD Drive,Peripherals,South,CUST-9354,5,$216.00,Cancelled,Bob
ORD-10842-2025-AZ,2024-07-01,Keyboard,Peripherals,Central,CUST-2792,2,$116.00,Shipped,Eve
ORD-10843-2025-AZ,2024-10-19,External HDD,Storage,West,CUST-8762,1,$24.00,Pending,Bob
ORD-10844-2025-CA,2024-03-25,Webcam,Peripherals,East,CUST-8689,3,$33.00,Shipped,Bob
ORD-10845-2025-AZ,2024-10-14,Laptop,Electronics,East,CUST-4614,4,"$1,265.00",Cancelled,Frank
ORD-10846-2025-CA,2024-09-20,Router,Electronics,North,CUST-3609,1,"$1,214.00",Shipped,Charlie
ORD-10847-2025-AZ,2024-05-05,Mouse,Peripherals,North,CUST-3893,1,$121.00,Shipped,Bob
ORD-10848-2025-AZ,2024-07-06,Gaming Headset,Gaming,West,CUST-1242,4,$108.00,Shipped,Charlie
ORD-10849-2025-CA,2025-01-30,Router,Electronics,West,CUST-5169,4,$612.00,Shipped,Bob
ORD-10850-2025-AZ,2025-04-16,Gaming Headset,Gaming,East,CUST-5315,2,$222.00,Cancelled,Frank
ORD-10851-2025-AZ,2024-03-29,Gaming Headset,Gaming,West,CUST-1193,4,$219.00,Shipped,Eve
ORD-10852-2025-CA,2024-08-02,Keyboard,Peripherals,East,CUST-8664,3,$85.00,Shipped,Eve
ORD-10853-2025-CA,2024-08-05,Laptop,Electronics,South,CUST-5918,1,"$1,341.00",Shipped,David
ORD-10854-2025-TX,2025-03-18,Printer,Electronics,East,CUST-8360,3,"$1,427.00",Shipped,Charlie
ORD-10855-2025-CA,2024-12-08,Gaming Headset,Gaming,Central,CUST-7479,2,$101.00,Shipped,David
ORD-10856-2025-CA,2025-06-05,External HDD,Gaming,West,CUST-1973,4,$239.00,Shipped,Bob
ORD-10857-2025-CA,2025-02-20,Monitor,Electronics,West,CUST-5691,1,"$1,012.00",Pending,Frank
ORD-10858-2025-AZ,2025-01-03,Printer,Electronics,Central,CUST-6485,4,"$1,251.00",Pending,Charlie
ORD-10859-2025-CA,2024-08-05,SSD Drive,Electronics,East,CUST-3586,4,$76.00,Shipped,Bob
ORD-10860-2025-AZ,2025-03-31,SSD Drive,Peripherals,East,CUST-8767,4,$72.00,Shipped,Eve
ORD-10861-2025-TX,2025-03-31,Webcam,Peripherals,South,CUST-1255,2,$116.00,Shipped,Bob
ORD-10862-2025-AZ,2024-05-16,External HDD,Accessories,East,CUST-6272,2,$229.00,Shipped,Frank
ORD-10863-2025-TX,2025-05-11,Laptop,Electronics,Central,CUST-3217,5,$825.00,Shipped,David
ORD-10864-2025-TX,2024-01-21,Printer,Electronics,South,CUST-9953,1,"$1,309.00",Shipped,Eve
ORD-10865-2025-AZ,2024-12-09,Mouse,Peripherals,East,CUST-3238,1,$86.00,Shipped,Eve
ORD-10866-2025-CA,2024-05-01,Mouse,Peripherals,North,CUST-3161,2,$65.00,Shipped,Eve
ORD-10867-2025-TX,2024-03-25,SSD Drive,Accessories,East,CUST-9653,2,$116.00,Shipped,David
ORD-10868-2025-AZ,2025-04-29,Mouse,Peripherals,West,CUST-1015,4,$132.00,Shipped,Charlie
ORD-10869-2025-AZ,2024-12-23,Printer,Electronics,South,CUST-4663,1,$569.00,Shipped,Eve
ORD-10870-2025-TX,2025-02-14,Gaming Headset,Gaming,Central,CUST-5787,3,$166.00,Shipped,David
ORD-10871-2025-CA,2025-04-19,Printer,Electronics,Central,CUST-4310,1,"$1,045.00",Shipped,Charlie
ORD-10872-2025-TX,2025-01-02,External HDD,Networking,South,CUST-3396,1,$257.00,Cancelled,Eve
ORD-10873-2025-TX,2024-05-14,Router,Electronics,West,CUST-5219,4,"$1,381.00",Shipped,Bob
ORD-10874-2025-CA,2025-04-15,Mouse,Peripherals,West,CUST-4172,3,$32.00,Shipped,David
ORD-10875-2025-TX,2024-04-01,Printer,Electronics,West,CUST-6677,2,"$1,005.00",Shipped,Frank
ORD-10876-2025-AZ,2024-08-13,Printer,Electronics,North,CUST-8165,2,"$1,290.00",Shipped,David
ORD-10877-2025-TX,2024-03-20,Gaming Headset,Gaming,South,CUST-7405,2,$80.00,Shipped,Charlie
ORD-10878-2025-CA,2024-10-20,External HDD,Peripherals,East,CUST-4258,2,$189.00,Shipped,Bob
ORD-10879-2025-TX,2024-10-11,Mouse,Peripherals,East,CUST-9890,3,$81.00,Pending,Bob
ORD-10880-2025-TX,2024-04-10,Laptop,Electronics,South,CUST-4557,1,"$1,364.00",Shipped,David
ORD-10881-2025-TX,2024-07-07,Printer,Electronics,West,CUST-5123,5,"$1,031.00",Shipped,David
ORD-10882-2025-CA,2024-12-06,Mouse,Peripherals,Central,CUST-8901,2,$84.00,Shipped,Charlie
ORD-10883-2025-AZ,2025-01-12,Keyboard,Peripherals,Central,CUST-7587,5,$116.00,Pending,Bob
ORD-10884-2025-CA,2025-06-09,Monitor,Electronics,East,CUST-9336,2,$656.00,Shipped,Charlie
ORD-10885-2025-AZ,2024-05-26,Monitor,Electronics,North,CUST-7958,5,$762.00,Shipped,Eve
ORD-10886-2025-AZ,2024-11-30,Laptop,Electronics,East,CUST-9016,4,"$1,044.00",Shipped,Frank
ORD-10887-2025-TX,2024-10-24,Keyboard,Peripherals,Central,CUST-2643,4,$53.00,Cancelled,Charlie
ORD-10888-2025-AZ,2024-04-16,External HDD,Peripherals,South,CUST-6741,3,$168.00,Cancelled,Eve
ORD-10889-2025-AZ,2024-05-11,Monitor,Electronics,East,CUST-2185,5,$760.00,Pending,David
ORD-10890-2025-AZ,2025-02-25,Keyboard,Peripherals,South,CUST-8351,4,$147.00,Shipped,Bob
ORD-10891-2025-AZ,2024-09-15,Laptop,Electronics,North,CUST-4530,4,"$1,358.00",Pending,David
ORD-10892-2025-AZ,2025-01-20,Laptop,Electronics,West,CUST-6812,4,"$1,172.00",Shipped,Charlie
ORD-10893-2025-TX,2025-06-28,SSD Drive,Storage,East,CUST-5960,5,$122.00,Shipped,Frank
ORD-10894-2025-TX,2024-07-31,Laptop,Electronics,South,CUST-4899,5,$592.00,Cancelled,Charlie
ORD-10895-2025-CA,2025-01-15,Mouse,Peripherals,East,CUST-7466,3,$85.00,Shipped,Eve
ORD-10896-2025-CA,2025-01-01,Keyboard,Peripherals,Central,CUST-1218,5,$72.00,Pending,Alice
ORD-10897-2025-TX,2024-02-08,Keyboard,Peripherals,East,CUST-4498,5,$28.00,Shipped,Charlie
ORD-10898-2025-AZ,2024-09-28,SSD Drive,Accessories,East,CUST-3345,3,$55.00,Pending,Eve
ORD-10899-2025-AZ,2025-01-11,Keyboard,Peripherals,East,CUST-8657,3,$141.00,Shipped,Charlie
ORD-10900-2025-AZ,2025-05-08,SSD Drive,Accessories,Central,CUST-2869,5,$186.00,Shipped,Frank
ORD-10901-2025-TX,2024-02-21,External HDD,Peripherals,Central,CUST-2073,1,$145.00,Pending,Charlie
ORD-10902-2025-AZ,2024-10-01,Webcam,Peripherals,West,CUST-8056,5,$45.00,Shipped,Bob
ORD-10903-2025-AZ,2024-03-10,Keyboard,Peripherals,East,CUST-1549,3,$51.00,Pending,Eve
ORD-10904-2025-TX,2024-02-07,Laptop,Electronics,East,CUST-2108,5,"$1,203.00",Shipped,Frank
ORD-10905-2025-CA,2024-03-21,Gaming Headset,Gaming,Central,CUST-3769,2,$146.00,Shipped,Bob
ORD-10906-2025-CA,2024-04-20,Monitor,Electronics,South,CUST-6200,2,"$1,265.00",Pending,Eve
ORD-10907-2025-CA,2025-05-03,Printer,Electronics,West,CUST-5435,1,"$1,165.00",Shipped,Frank
ORD-10908-2025-CA,2025-01-22,Keyboard,Peripherals,West,CUST-6583,4,$48.00,Shipped,Bob
ORD-10909-2025-CA,2024-11-07,Router,Electronics,East,CUST-7717,3,"$1,100.00",Cancelled,Charlie
ORD-10910-2025-CA,2024-05-12,External HDD,Networking,Central,CUST-6143,5,$242.00,Shipped,Alice
ORD-10911-2025-CA,2024-09-26,Printer,Electronics,East,CUST-3892,4,$621.00,Shipped,Bob
ORD-10912-2025-TX,2024-05-06,Router,Electronics,North,CUST-4185,4,"$1,121.00",Cancelled,Charlie
ORD-10913-2025-TX,2024-06-17,Gaming Headset,Gaming,North,CUST-8909,2,$101.00,Pending,Charlie
ORD-10914-2025-CA,2024-12-11,Printer,Electronics,East,CUST-9830,2,$798.00,Cancelled,David
ORD-10915-2025-TX,2024-07-05,Keyboard,Peripherals,North,CUST-2264,2,$115.00,Shipped,David
ORD-10916-2025-CA,2025-05-14,Gaming Headset,Gaming,Central,CUST-8452,4,$226.00,Pending,Charlie
ORD-10917-2025-AZ,2024-07-21,Router,Electronics,Central,CUST-1122,4,$994.00,Shipped,Eve
ORD-10918-2025-CA,2024-04-23,Printer,Electronics,North,CUST-7678,2,"$1,434.00",Shipped,David
ORD-10919-2025-AZ,2024-07-01,Router,Electronics,North,CUST-1801,4,$497.00,Cancelled,Charlie
ORD-10920-2025-CA,2025-03-15,Printer,Electronics,Central,CUST-1811,4,"$1,313.00",Shipped,Charlie
ORD-10921-2025-CA,2024-07-18,SSD Drive,Networking,South,CUST-6134,4,$24.00,Pending,Charlie
ORD-10922-2025-TX,2025-05-28,Mouse,Peripherals,Central,CUST-9837,3,$56.00,Shipped,Frank
ORD-10923-2025-AZ,2024-12-16,Monitor,Electronics,West,CUST-6455,4,"$1,306.00",Cancelled,David
ORD-10924-2025-CA,2024-07-27,Router,Electronics,South,CUST-9885,1,$763.00,Shipped,Charlie
ORD-10925-2025-CA,2024-06-04,Laptop,Electronics,East,CUST-2291,3,$430.00,Cancelled,Eve
ORD-10926-2025-TX,2024-04-04,Laptop,Electronics,Central,CUST-6151,4,"$1,317.00",Pending,Frank
ORD-10927-2025-CA,2024-11-14,Monitor,Electronics,Central,CUST-8044,4,$692.00,Shipped,Eve
ORD-10928-2025-CA,2024-07-06,Printer,Electronics,Central,CUST-9816,1,$783.00,Pending,David
ORD-10929-2025-CA,2024-03-21,Mouse,Peripherals,South,CUST-2870,2,$74.00,Cancelled,Frank
ORD-10930-2025-TX,2024-09-16,Keyboard,Peripherals,Central,CUST-1303,1,$64.00,Pending,Bob
ORD-10931-2025-CA,2024-08-04,External HDD,Networking,East,CUST-9549,3,$68.00,Cancelled,Eve
ORD-10932-2025-AZ,2024-09-28,Gaming Headset,Gaming,West,CUST-8338,3,$89.00,Pending,Bob
ORD-10933-2025-TX,2024-09-08,Webcam,Peripherals,West,CUST-7880,1,$59.00,Shipped,Alice
ORD-10934-2025-TX,2024-03-05,SSD Drive,Networking,West,CUST-4312,4,$84.00,Shipped,Bob
ORD-10935-2025-TX,2024-08-08,Monitor,Electronics,South,CUST-9184,4,$450.00,Cancelled,Eve
ORD-10936-2025-CA,2025-06-18,Router,Electronics,North,CUST-2843,5,"$1,037.00",Cancelled,Alice
ORD-10937-2025-AZ,2025-04-21,Gaming Headset,Gaming,North,CUST-1004,3,$233.00,Shipped,Eve
ORD-10938-2025-AZ,2024-07-22,Monitor,Electronics,West,CUST-9104,4,"$1,144.00",Cancelled,Eve
ORD-10939-2025-TX,2024-11-04,Laptop,Electronics,Central,CUST-5603,2,$943.00,Cancelled,Frank
ORD-10940-2025-AZ,2024-11-29,SSD Drive,Storage,West,CUST-2416,3,$189.00,Cancelled,David
ORD-10941-2025-TX,2024-02-14,External HDD,Gaming,North,CUST-8602,1,$228.00,Shipped,Charlie
ORD-10942-2025-TX,2025-03-12,External HDD,Networking,West,CUST-3560,2,$102.00,Shipped,Frank
ORD-10943-2025-AZ,2025-05-28,Mouse,Peripherals,South,CUST-7585,5,$25.00,Pending,Bob
ORD-10944-2025-TX,2024-01-23,Printer,Electronics,West,CUST-2099,1,"$1,214.00",Pending,Bob
ORD-10945-2025-CA,2024-04-13,Printer,Electronics,South,CUST-7964,1,"$1,024.00",Shipped,Eve
ORD-10946-2025-TX,2024-09-23,Webcam,Peripherals,North,CUST-6615,3,$93.00,Cancelled,Eve
ORD-10947-2025-TX,2024-06-06,Gaming Headset,Gaming,East,CUST-1453,2,$242.00,Cancelled,Frank
ORD-10948-2025-TX,2025-05-15,Webcam,Peripherals,North,CUST-5433,2,$92.00,Shipped,David
ORD-10949-2025-AZ,2025-04-19,Printer,Electronics,Central,CUST-7622,1,$548.00,Cancelled,Alice
ORD-10950-2025-AZ,2024-06-29,External HDD,Accessories,South,CUST-6092,3,$169.00,Shipped,Eve
ORD-10951-2025-AZ,2024-08-02,Laptop,Electronics,East,CUST-4008,2,$795.00,Shipped,Eve
ORD-10952-2025-AZ,2025-02-05,SSD Drive,Accessories,North,CUST-4701,3,$236.00,Shipped,David
ORD-10953-2025-TX,2025-05-25,Monitor,Electronics,North,CUST-3902,4,"$1,034.00",Shipped,Charlie
ORD-10954-2025-AZ,2024-03-22,SSD Drive,Electronics,South,CUST-6716,2,$31.00,Shipped,Bob
ORD-10955-2025-AZ,2024-07-21,SSD Drive,Gaming,North,CUST-7095,2,$118.00,Shipped,Frank
ORD-10956-2025-AZ,2025-04-01,Monitor,Electronics,North,CUST-6916,3,$431.00,Pending,Eve
ORD-10957-2025-CA,2025-04-12,Gaming Headset,Gaming,West,CUST-9882,5,$206.00,Cancelled,David
ORD-10958-2025-TX,2025-03-22,Printer,Electronics,North,CUST-6760,4,$458.00,Shipped,Alice
ORD-10959-2025-AZ,2024-12-12,Router,Electronics,North,CUST-5277,3,$974.00,Cancelled,David
ORD-10960-2025-CA,2025-02-15,Laptop,Electronics,South,CUST-1999,5,$423.00,Shipped,Charlie
ORD-10961-2025-AZ,2024-09-02,Printer,Electronics,Central,CUST-5693,2,"$1,435.00",Shipped,Eve
ORD-10962-2025-TX,2024-12-07,Laptop,Electronics,North,CUST-3717,5,$939.00,Shipped,David
ORD-10963-2025-AZ,2024-06-13,Mouse,Peripherals,North,CUST-3191,2,$63.00,Cancelled,Bob
ORD-10964-2025-TX,2024-03-23,External HDD,Gaming,North,CUST-6821,3,$181.00,Shipped,Charlie
ORD-10965-2025-TX,2025-04-02,Webcam,Peripherals,East,CUST-1419,3,$121.00,Pending,Frank
ORD-10966-2025-AZ,2024-11-17,Keyboard,Peripherals,South,CUST-4238,3,$147.00,Shipped,Alice
ORD-10967-2025-TX,2025-05-17,Webcam,Peripherals,West,CUST-9424,3,$119.00,Shipped,Charlie
ORD-10968-2025-AZ,2024-01-10,Router,Electronics,East,CUST-3996,2,$528.00,Cancelled,Eve
ORD-10969-2025-TX,2025-02-04,Monitor,Electronics,East,CUST-2500,4,$524.00,Shipped,Alice
ORD-10970-2025-CA,2024-08-15,Gaming Headset,Gaming,North,CUST-9418,2,$112.00,Cancelled,Bob
ORD-10971-2025-CA,2024-05-04,Router,Electronics,West,CUST-5994,1,"$1,499.00",Shipped,Eve
ORD-10972-2025-AZ,2024-02-15,Laptop,Electronics,South,CUST-2917,2,$435.00,Shipped,Eve
ORD-10973-2025-CA,2025-01-19,Laptop,Electronics,East,CUST-1829,1,$453.00,Pending,Frank
ORD-10974-2025-TX,2024-11-02,SSD Drive,Accessories,West,CUST-1591,2,$265.00,Pending,Frank
ORD-10975-2025-TX,2024-01-25,Keyboard,Peripherals,Central,CUST-1084,3,$35.00,Pending,Eve
ORD-10976-2025-TX,2024-01-05,SSD Drive,Accessories,South,CUST-7596,1,$154.00,Pending,Alice
ORD-10977-2025-TX,2025-04-25,Gaming Headset,Gaming,South,CUST-6325,5,$200.00,Pending,Eve
ORD-10978-2025-CA,2025-02-08,Printer,Electronics,East,CUST-5846,5,$953.00,Cancelled,Charlie
ORD-10979-2025-AZ,2025-05-29,Gaming Headset,Gaming,Central,CUST-3473,2,$250.00,Shipped,Charlie
ORD-10980-2025-TX,2024-12-05,Laptop,Electronics,West,CUST-7165,2,$402.00,Cancelled,Bob
ORD-10981-2025-CA,2024-10-26,Mouse,Peripherals,East,CUST-9484,5,$106.00,Pending,Charlie
ORD-10982-2025-TX,2024-02-08,SSD Drive,Gaming,West,CUST-3875,4,$213.00,Shipped,Bob
ORD-10983-2025-CA,2024-12-17,Laptop,Electronics,West,CUST-1599,4,$585.00,Shipped,David
ORD-10984-2025-CA,2025-05-28,Keyboard,Peripherals,East,CUST-2074,5,$24.00,Cancelled,Bob
ORD-10985-2025-AZ,2024-12-30,Monitor,Electronics,West,CUST-2472,3,$781.00,Shipped,Bob
ORD-10986-2025-AZ,2024-06-20,Router,Electronics,Central,CUST-3923,3,"$1,494.00",Pending,David
ORD-10987-2025-TX,2025-03-18,Monitor,Electronics,Central,CUST-8920,2,$875.00,Pending,David
ORD-10988-2025-AZ,2024-11-18,Laptop,Electronics,North,CUST-3685,2,"$1,239.00",Cancelled,Frank
ORD-10989-2025-TX,2025-05-05,Mouse,Peripherals,West,CUST-9660,4,$40.00,Shipped,David
ORD-10990-2025-CA,2025-04-18,Gaming Headset,Gaming,Central,CUST-8316,5,$116.00,Cancelled,Charlie
ORD-10991-2025-CA,2024-08-15,External HDD,Peripherals,South,CUST-9171,5,$119.00,Shipped,Eve
ORD-10992-2025-TX,2024-05-25,Printer,Electronics,South,CUST-8511,1,$761.00,Cancelled,Bob
ORD-10993-2025-CA,2025-06-28,Printer,Electronics,South,CUST-4010,5,$608.00,Pending,Alice
ORD-10994-2025-CA,2024-08-16,Keyboard,Peripherals,South,CUST-6693,4,$97.00,Shipped,David
ORD-10995-2025-CA,2025-03-10,Laptop,Electronics,South,CUST-8001,1,$848.00,Shipped,Charlie
ORD-10996-2025-TX,2024-01-28,Monitor,Electronics,West,CUST-1679,4,$443.00,Shipped,Charlie
ORD-10997-2025-AZ,2025-02-20,SSD Drive,Gaming,Central,CUST-6881,3,$193.00,Shipped,Alice
ORD-10998-2025-TX,2024-09-24,Laptop,Electronics,East,CUST-7423,4,$870.00,Pending,David
ORD-10999-2025-CA,2024-05-02,Monitor,Electronics,East,CUST-6333,4,$854.00,Cancelled,Alice
ORD-11000-2025-CA,2025-05-11,Keyboard,Peripherals,East,CUST-3636,4,$140.00,Cancelled,Eve